mp_id,formula,anonymous_formulas,C3
mp-1178563,AgAsO3,ABC3,O3
mp-1183052,AcBO3,ABC3,O3
mp-1183053,AcGaO3,ABC3,O3
mp-1183115,AcAlO3,ABC3,O3
mp-1183139,AcNiO3,ABC3,O3
mp-1183142,AcMgO3,ABC3,O3
mp-1183145,AcPdO3,ABC3,O3
mp-1183150,AcSiO3,ABC3,O3
mp-1183152,AcScO3,ABC3,O3
mp-1183168,AcVO3,ABC3,O3
mp-1183417,BeAgO3,ABC3,O3
mp-1185297,LiAcO3,ABC3,O3
mp-23548,AgBiO3,ABC3,O3
mp-5537,NbAgO3,ABC3,O3
mp-559736,VAgO3,ABC3,O3
mp-638686,AgNO3,ABC3,O3
mp-677054,AgSbO3,ABC3,O3
mp-755834,AgSnO3,ABC3,O3
mp-775761,AgClO3,ABC3,O3
mp-861502,AcFeO3,ABC3,O3
mp-864606,AcCuO3,ABC3,O3
mp-864911,AcMnO3,ABC3,O3
mp-865927,AcTiO3,ABC3,O3
mp-866101,AcCrO3,ABC3,O3
mp-975463,RbAcO3,ABC3,O3
mp-979294,SrAgO3,ABC3,O3
mp-985292,AgBO3,ABC3,O3
mvc-15475,AlAgO3,ABC3,O3
mvc-3470,YAgO3,ABC3,O3
mp-1178561,AgClO3,ABC3,O3
mp-1178562,AgBrO3,ABC3,O3
mp-1184234,FeAgO3,ABC3,O3
mp-1186101,NaAgO3,ABC3,O3
mp-1187189,TaAgO3,ABC3,O3
mp-1203481,NbAgO3,ABC3,O3
mp-1282222,CoAgO3,ABC3,O3
mp-27941,AgClO3,ABC3,O3
mp-558950,AgAsO3,ABC3,O3
mp-624691,VAgO3,ABC3,O3
mp-669466,AgNO3,ABC3,O3
mp-754229,MnAgO3,ABC3,O3
mp-776150,ScAgO3,ABC3,O3
mp-8196,AgNO3,ABC3,O3
mp-975421,RbAgO3,ABC3,O3
mp-976229,KAgO3,ABC3,O3
mp-9890,TaAgO3,ABC3,O3
mvc-15935,AlAgO3,ABC3,O3
mvc-3476,AlAgO3,ABC3,O3
mp-1075933,SmAgO3,ABC3,O3
mp-1077622,EuAgO3,ABC3,O3
mp-1094009,YAgO3,ABC3,O3
mp-1178556,AgPbO3,ABC3,O3
mp-1178571,AgGeO3,ABC3,O3
mp-1178815,VAgO3,ABC3,O3
mp-1183169,AlAgO3,ABC3,O3
mp-1186999,SiAgO3,ABC3,O3
mp-1220387,NbAgO3,ABC3,O3
mp-1253488,AlAgO3,ABC3,O3
mp-12725,NbAgO3,ABC3,O3
mp-18702,AgPO3,ABC3,O3
mp-27384,AgIO3,ABC3,O3
mp-558637,AgTeO3,ABC3,O3
mp-759939,AgGeO3,ABC3,O3
mp-775774,AgBiO3,ABC3,O3
mp-776199,AgClO3,ABC3,O3
mp-779664,AgGeO3,ABC3,O3
mp-779706,AgGeO3,ABC3,O3
mvc-13858,YAgO3,ABC3,O3
mp-1076000,LaAgO3,ABC3,O3
mp-1202188,AgIO3,ABC3,O3
mp-1205362,NbAgO3,ABC3,O3
mp-540872,AgSbO3,ABC3,O3
mp-545999,AgSbO3,ABC3,O3
mp-552185,AgNO3,ABC3,O3
mp-559257,AgTeO3,ABC3,O3
mp-561489,AgTeO3,ABC3,O3
mp-752678,AgAuO3,ABC3,O3
mp-752700,CoAgO3,ABC3,O3
mp-753176,AgCO3,ABC3,O3
mp-753992,CoAgO3,ABC3,O3
mp-768308,LaAgO3,ABC3,O3
mp-775762,AgPO3,ABC3,O3
mp-775767,AgAsO3,ABC3,O3
mp-776165,AgAuO3,ABC3,O3
mp-776166,AgPdO3,ABC3,O3
mp-776168,AgRuO3,ABC3,O3
mp-780275,AgBO3,ABC3,O3
mp-849271,AgIO3,ABC3,O3
mp-867583,AgSbO3,ABC3,O3
mp-977455,PaAgO3,ABC3,O3
mvc-15521,YAgO3,ABC3,O3
mvc-3844,AlAgO3,ABC3,O3
mp-1080080,LaAlO3,ABC3,O3
mp-1178549,AlVO3,ABC3,O3
mp-1178576,AlCoO3,ABC3,O3
mp-1178579,AlCuO3,ABC3,O3
mp-1183176,AlNiO3,ABC3,O3
mp-1187025,SmAlO3,ABC3,O3
mp-1248251,AlVO3,ABC3,O3
mp-1248301,AlSnO3,ABC3,O3
mp-1264966,AlFeO3,ABC3,O3
mp-23080,AlBiO3,ABC3,O3
mp-2920,LaAlO3,ABC3,O3
mp-557680,NbAgO3,ABC3,O3
mp-756458,ErAlO3,ABC3,O3
mp-768539,AlTlO3,ABC3,O3
mp-772898,AlGaO3,ABC3,O3
mp-7964,YAlO3,ABC3,O3
mp-8110,AlBO3,ABC3,O3
mp-975427,RbAlO3,ABC3,O3
mvc-11224,AlVO3,ABC3,O3
mvc-14411,AlSbO3,ABC3,O3
mvc-14600,AlSbO3,ABC3,O3
mvc-15992,MnAlO3,ABC3,O3
mvc-3876,AlSnO3,ABC3,O3
mp-1183159,AlAuO3,ABC3,O3
mp-1183160,AlInO3,ABC3,O3
mp-1185485,LuAlO3,ABC3,O3
mp-1186097,NaAlO3,ABC3,O3
mp-1248478,AlCoO3,ABC3,O3
mp-5323,CeAlO3,ABC3,O3
mp-696871,LaAlO3,ABC3,O3
mp-755358,LuAlO3,ABC3,O3
mp-775763,AlBiO3,ABC3,O3
mp-780411,LaAlO3,ABC3,O3
mvc-10882,AlMoO3,ABC3,O3
mvc-13532,AlCoO3,ABC3,O3
mvc-13972,AlBiO3,ABC3,O3
mvc-14277,AlNiO3,ABC3,O3
mvc-15871,AlCoO3,ABC3,O3
mp-1178547,AlRhO3,ABC3,O3
mp-1178550,AlInO3,ABC3,O3
mp-1178574,AlPdO3,ABC3,O3
mp-1183132,AlSiO3,ABC3,O3
mp-1183154,AlPbO3,ABC3,O3
mp-1251690,AlCrO3,ABC3,O3
mp-1253258,AlCuO3,ABC3,O3
mp-1254277,AlFeO3,ABC3,O3
mp-1258775,MnAlO3,ABC3,O3
mp-3408,CeAlO3,ABC3,O3
mp-4434,TbAlO3,ABC3,O3
mp-5304,LaAlO3,ABC3,O3
mp-754157,AlInO3,ABC3,O3
mp-756850,LuAlO3,ABC3,O3
mp-759116,YbAlO3,ABC3,O3
mp-771698,LaAlO3,ABC3,O3
mp-774520,TiAlO3,ABC3,O3
mp-776154,AlFeO3,ABC3,O3
mp-776167,CeAlO3,ABC3,O3
mp-776216,AlCoO3,ABC3,O3
mp-972066,ZrAlO3,ABC3,O3
mp-973892,EuAlO3,ABC3,O3
mvc-11155,AlNiO3,ABC3,O3
mvc-11225,AlFeO3,ABC3,O3
mvc-11226,AlCoO3,ABC3,O3
mvc-13533,AlFeO3,ABC3,O3
mvc-13964,TiAlO3,ABC3,O3
mvc-14043,AlNiO3,ABC3,O3
mvc-15476,AlBiO3,ABC3,O3
mvc-15901,MnAlO3,ABC3,O3
mvc-16001,AlWO3,ABC3,O3
mvc-3494,AlBiO3,ABC3,O3
mp-1183283,BaAlO3,ABC3,O3
mp-1188667,YbAlO3,ABC3,O3
mp-1248327,TiAlO3,ABC3,O3
mp-14254,NdAlO3,ABC3,O3
mp-19843,CeAlO3,ABC3,O3
mp-21455,EuAlO3,ABC3,O3
mp-4471,ScAlO3,ABC3,O3
mp-4891,HoAlO3,ABC3,O3
mp-5899,NdAlO3,ABC3,O3
mp-7405,SmAlO3,ABC3,O3
mp-755574,LuAlO3,ABC3,O3
mp-765647,AlVO3,ABC3,O3
mp-772187,AlGaO3,ABC3,O3
mp-8218,PrAlO3,ABC3,O3
mp-972367,UAlO3,ABC3,O3
mp-978862,SrAlO3,ABC3,O3
mvc-11052,AlSnO3,ABC3,O3
mvc-11693,TiAlO3,ABC3,O3
mvc-15239,AlCuO3,ABC3,O3
mvc-15604,AlCrO3,ABC3,O3
mvc-15605,AlWO3,ABC3,O3
mvc-15905,AlMoO3,ABC3,O3
mvc-3776,AlNiO3,ABC3,O3
mp-1101265,TmAlO3,ABC3,O3
mp-1178268,GdAlO3,ABC3,O3
mp-1183133,AlIrO3,ABC3,O3
mp-1183134,AlSbO3,ABC3,O3
mp-1184936,KAlO3,ABC3,O3
mp-1186110,NpAlO3,ABC3,O3
mp-21216,AlFeO3,ABC3,O3
mp-4096,CeAlO3,ABC3,O3
mp-551918,AlBiO3,ABC3,O3
mp-756281,TmAlO3,ABC3,O3
mp-756630,DyAlO3,ABC3,O3
mp-756705,YAlO3,ABC3,O3
mp-758371,YbAlO3,ABC3,O3
mp-768518,LaAlO3,ABC3,O3
mp-774250,MnAlO3,ABC3,O3
mp-780421,LaAlO3,ABC3,O3
mvc-13996,AlCrO3,ABC3,O3
mvc-15781,AlCuO3,ABC3,O3
mvc-15937,AlSnO3,ABC3,O3
mvc-3466,TiAlO3,ABC3,O3
mvc-3774,AlCoO3,ABC3,O3
mvc-3810,AlSbO3,ABC3,O3
mp-1178577,AlFeO3,ABC3,O3
mp-1183128,AlVO3,ABC3,O3
mp-1185313,LiAlO3,ABC3,O3
mp-1185841,MgAlO3,ABC3,O3
mp-1248370,AlMoO3,ABC3,O3
mp-1259818,AlFeO3,ABC3,O3
mp-1260288,MnAlO3,ABC3,O3
mp-1261047,AlSbO3,ABC3,O3
mp-3466,PrAlO3,ABC3,O3
mp-3792,YAlO3,ABC3,O3
mp-5223,GdAlO3,ABC3,O3
mp-754936,DyAlO3,ABC3,O3
mp-756686,AlGaO3,ABC3,O3
mp-756947,AlCoO3,ABC3,O3
mp-768417,LaAlO3,ABC3,O3
mp-771703,LaAlO3,ABC3,O3
mp-776116,AlPdO3,ABC3,O3
mp-776172,AlCuO3,ABC3,O3
mp-780422,LaAlO3,ABC3,O3
mp-984723,DyAlO3,ABC3,O3
mvc-13997,AlVO3,ABC3,O3
mvc-14409,AlCrO3,ABC3,O3
mvc-15603,MnAlO3,ABC3,O3
mvc-15945,AlCuO3,ABC3,O3
mvc-4004,AlWO3,ABC3,O3
mp-1080060,LaAlO3,ABC3,O3
mp-1184150,ErAlO3,ABC3,O3
mp-1251647,AlWO3,ABC3,O3
mp-754184,ErAlO3,ABC3,O3
mp-754435,LuAlO3,ABC3,O3
mp-756082,AlVO3,ABC3,O3
mp-756214,YAlO3,ABC3,O3
mvc-14006,AlMoO3,ABC3,O3
mvc-3506,AlSbO3,ABC3,O3
mvc-3826,AlBiO3,ABC3,O3
mp-1178368,CuAsO3,ABC3,O3
mp-1178465,CsAsO3,ABC3,O3
mp-1183911,CsAsO3,ABC3,O3
mp-1184937,KAsO3,ABC3,O3
mp-1192552,KAsO3,ABC3,O3
mp-1194970,KAsO3,ABC3,O3
mp-28109,SbAsO3,ABC3,O3
mp-753953,GdAsO3,ABC3,O3
mp-976133,NaAsO3,ABC3,O3
mp-976763,NiAsO3,ABC3,O3
mp-983564,EuAsO3,ABC3,O3
mp-1079050,LaAsO3,ABC3,O3
mp-1184913,InAsO3,ABC3,O3
mp-1195015,CeAsO3,ABC3,O3
mp-17868,NaAsO3,ABC3,O3
mp-30284,HgAsO3,ABC3,O3
mp-559767,LiAsO3,ABC3,O3
mp-755240,AsAuO3,ABC3,O3
mp-776093,CsAsO3,ABC3,O3
mp-9657,LiAsO3,ABC3,O3
mp-975425,RbAsO3,ABC3,O3
mp-1078398,CeAsO3,ABC3,O3
mp-1184215,FeAsO3,ABC3,O3
mp-776320,CuAsO3,ABC3,O3
mp-973156,ScAsO3,ABC3,O3
mp-978851,SrAsO3,ABC3,O3
mp-1183686,CoAuO3,ABC3,O3
mp-1186920,SbAuO3,ABC3,O3
mp-1187924,YbAuO3,ABC3,O3
mp-28853,LaAuO3,ABC3,O3
mp-971700,ZnAuO3,ABC3,O3
mp-975405,RbAuO3,ABC3,O3
mp-982245,PbAuO3,ABC3,O3
mp-1183212,BAuO3,ABC3,O3
mp-1183414,BeAuO3,ABC3,O3
mp-1184383,EuAuO3,ABC3,O3
mp-1184942,KAuO3,ABC3,O3
mp-1185548,CsAuO3,ABC3,O3
mp-1187146,SrAuO3,ABC3,O3
mp-1078259,GaBO3,ABC3,O3
mp-1183287,BaAuO3,ABC3,O3
mp-1183397,CoBO3,ABC3,O3
mp-1183631,CdBO3,ABC3,O3
mp-1184546,HoBO3,ABC3,O3
mp-1187494,TlBO3,ABC3,O3
mp-1194043,ErBO3,ABC3,O3
mp-14237,YbBO3,ABC3,O3
mp-18946,VBO3,ABC3,O3
mp-22030,EuBO3,ABC3,O3
mp-753056,HoBO3,ABC3,O3
mp-760457,YBO3,ABC3,O3
mp-850193,HoBO3,ABC3,O3
mp-8697,ScBO3,ABC3,O3
mp-972442,SnBO3,ABC3,O3
mp-984628,CaBO3,ABC3,O3
mp-10791,ErBO3,ABC3,O3
mp-1184042,CuBO3,ABC3,O3
mp-1187784,UBO3,ABC3,O3
mp-1188026,ZrBO3,ABC3,O3
mp-1189809,CaBO3,ABC3,O3
mp-1214407,BaBO3,ABC3,O3
mp-19097,FeBO3,ABC3,O3
mp-19299,CrBO3,ABC3,O3
mp-20882,CeBO3,ABC3,O3
mp-561949,GdBO3,ABC3,O3
mp-7027,InBO3,ABC3,O3
mp-7238,NdBO3,ABC3,O3
mp-752713,HoBO3,ABC3,O3
mp-7560,LuBO3,ABC3,O3
mp-760405,ErBO3,ABC3,O3
mp-760461,LuBO3,ABC3,O3
mp-760477,SmBO3,ABC3,O3
mp-772724,SnBO3,ABC3,O3
mp-8216,LaBO3,ABC3,O3
mp-849295,FeBO3,ABC3,O3
mp-972839,SiBO3,ABC3,O3
mp-973738,GeBO3,ABC3,O3
mp-984554,BPbO3,ABC3,O3
mp-1084760,CaBO3,ABC3,O3
mp-1183194,BTeO3,ABC3,O3
mp-1183221,BIrO3,ABC3,O3
mp-1184023,GaBO3,ABC3,O3
mp-1184625,HfBO3,ABC3,O3
mp-17620,TmBO3,ABC3,O3
mp-29762,GdBO3,ABC3,O3
mp-7492,LaBO3,ABC3,O3
mp-753318,DyBO3,ABC3,O3
mp-753806,BSbO3,ABC3,O3
mp-754409,HoBO3,ABC3,O3
mp-760484,TmBO3,ABC3,O3
mp-973877,PaBO3,ABC3,O3
mp-975385,RbBO3,ABC3,O3
mp-10792,DyBO3,ABC3,O3
mp-1183242,BPdO3,ABC3,O3
mp-1183277,BPtO3,ABC3,O3
mp-1183422,BeBO3,ABC3,O3
mp-1185302,LiBO3,ABC3,O3
mp-1185693,MgBO3,ABC3,O3
mp-1185996,MnBO3,ABC3,O3
mp-1187416,ThBO3,ABC3,O3
mp-1222450,LuBO3,ABC3,O3
mp-1224628,GdBO3,ABC3,O3
mp-12315,DyBO3,ABC3,O3
mp-1282570,FeBO3,ABC3,O3
mp-1289597,MnBO3,ABC3,O3
mp-20178,CeBO3,ABC3,O3
mp-25296,MnBO3,ABC3,O3
mp-29205,YBO3,ABC3,O3
mp-31250,BiBO3,ABC3,O3
mp-5364,YbBO3,ABC3,O3
mp-757083,CoBO3,ABC3,O3
mp-761288,MnBO3,ABC3,O3
mp-765572,CoBO3,ABC3,O3
mp-780393,HoBO3,ABC3,O3
mp-861504,PrBO3,ABC3,O3
mp-8627,SmBO3,ABC3,O3
mp-9716,TiBO3,ABC3,O3
mp-971704,ZnBO3,ABC3,O3
mp-972822,SiBO3,ABC3,O3
mp-975564,PuBO3,ABC3,O3
mp-977058,NpBO3,ABC3,O3
mp-984553,BOsO3,ABC3,O3
mp-1017465,BaVO3,ABC3,O3
mp-1076782,BaCoO3,ABC3,O3
mp-1183211,BSbO3,ABC3,O3
mp-1183291,BaErO3,ABC3,O3
mp-1183310,BaEuO3,ABC3,O3
mp-1189614,BaThO3,ABC3,O3
mp-1215682,YbBO3,ABC3,O3
mp-1225223,EuBO3,ABC3,O3
mp-1285501,MnBO3,ABC3,O3
mp-13514,NdBO3,ABC3,O3
mp-13863,BaGeO3,ABC3,O3
mp-19150,BaVO3,ABC3,O3
mp-19271,BaCrO3,ABC3,O3
mp-19322,BaMoO3,ABC3,O3
mp-3834,BaZrO3,ABC3,O3
mp-540926,BaCrO3,ABC3,O3
mp-545783,BaBiO3,ABC3,O3
mp-548824,BaTbO3,ABC3,O3
mp-558125,BaTiO3,ABC3,O3
mp-5660,BaIrO3,ABC3,O3
mp-5777,BaTiO3,ABC3,O3
mp-675227,BaMnO3,ABC3,O3
mp-675324,BaCO3,ABC3,O3
mp-7143,BaPuO3,ABC3,O3
mp-754307,BaNdO3,ABC3,O3
mp-755829,BSbO3,ABC3,O3
mp-762225,BaCO3,ABC3,O3
mp-1016852,BaMnO3,ABC3,O3
mp-1017591,BaRuO3,ABC3,O3
mp-1076932,BaTiO3,ABC3,O3
mp-1080782,BaClO3,ABC3,O3
mp-1120765,BaNiO3,ABC3,O3
mp-1178513,BaSnO3,ABC3,O3
mp-1182337,BaClO3,ABC3,O3
mp-1183284,BaLiO3,ABC3,O3
mp-1183288,BaInO3,ABC3,O3
mp-1183393,BaTlO3,ABC3,O3
mp-1183934,CsBaO3,ABC3,O3
mp-1295957,BaCoO3,ABC3,O3
mp-20461,BaPbO3,ABC3,O3
mp-22230,BaPbO3,ABC3,O3
mp-22705,BaPrO3,ABC3,O3
mp-2929,BaTbO3,ABC3,O3
mp-2939,BaTbO3,ABC3,O3
mp-2998,BaTiO3,ABC3,O3
mp-3163,BaSnO3,ABC3,O3
mp-35078,BaMnO3,ABC3,O3
mp-35730,BaUO3,ABC3,O3
mp-504715,BaTiO3,ABC3,O3
mp-505025,BaPuO3,ABC3,O3
mp-5431,BaTeO3,ABC3,O3
mp-555174,BaTcO3,ABC3,O3
mp-676020,BaCO3,ABC3,O3
mp-676865,BaGeO3,ABC3,O3
mp-6909,BaPrO3,ABC3,O3
mp-6910,BaPrO3,ABC3,O3
mp-6989,BaSeO3,ABC3,O3
mp-7339,BaSiO3,ABC3,O3
mp-754678,BaTaO3,ABC3,O3
mp-755877,BaNdO3,ABC3,O3
mp-8557,BaPaO3,ABC3,O3
mp-998552,BaHfO3,ABC3,O3
mp-1016821,BaSiO3,ABC3,O3
mp-1016823,BaGeO3,ABC3,O3
mp-1016850,BaRhO3,ABC3,O3
mp-1019544,BaZrO3,ABC3,O3
mp-1076800,BaCuO3,ABC3,O3
mp-1178510,BaPdO3,ABC3,O3
mp-1183285,BaCaO3,ABC3,O3
mp-1183290,BaPtO3,ABC3,O3
mp-1183298,BaReO3,ABC3,O3
mp-1192651,BaFeO3,ABC3,O3
mp-1205336,BaMnO3,ABC3,O3
mp-1227982,BaCO3,ABC3,O3
mp-1227991,BaInO3,ABC3,O3
mp-18965,BaCoO3,ABC3,O3
mp-19156,BaMnO3,ABC3,O3
mp-19990,BaTiO3,ABC3,O3
mp-20129,BaTbO3,ABC3,O3
mp-20991,BaPbO3,ABC3,O3
mp-22942,BaBiO3,ABC3,O3
mp-34195,BaCO3,ABC3,O3
mp-3597,BaRuO3,ABC3,O3
mp-3598,BaRuO3,ABC3,O3
mp-5020,BaTiO3,ABC3,O3
mp-542897,BaIrO3,ABC3,O3
mp-5504,BaCO3,ABC3,O3
mp-559051,BaBiO3,ABC3,O3
mp-561598,BaPbO3,ABC3,O3
mp-5663,BaCeO3,ABC3,O3
mp-5735,BaTbO3,ABC3,O3
mp-5933,BaTiO3,ABC3,O3
mp-644497,BaTiO3,ABC3,O3
mp-757501,BaMnO3,ABC3,O3
mp-776084,BaSiO3,ABC3,O3
mp-781625,BaOsO3,ABC3,O3
mp-995191,BaTiO3,ABC3,O3
mp-1183282,BaBeO3,ABC3,O3
mp-1183289,BaScO3,ABC3,O3
mp-1183292,BaCdO3,ABC3,O3
mp-1183394,BaTmO3,ABC3,O3
mp-1183406,BaYbO3,ABC3,O3
mp-19035,BaFeO3,ABC3,O3
mp-19241,BaNiO3,ABC3,O3
mp-21280,BaPbO3,ABC3,O3
mp-23438,BaBiO3,ABC3,O3
mp-23482,BaBiO3,ABC3,O3
mp-3020,BaNbO3,ABC3,O3
mp-3187,BaCeO3,ABC3,O3
mp-3316,BaCeO3,ABC3,O3
mp-4900,BaCeO3,ABC3,O3
mp-556021,BaTeO3,ABC3,O3
mp-557081,BaCrO3,ABC3,O3
mp-557535,BaMnO3,ABC3,O3
mp-5986,BaTiO3,ABC3,O3
mp-644369,BaBiO3,ABC3,O3
mp-674478,BaCO3,ABC3,O3
mp-705845,BaFeO3,ABC3,O3
mp-768307,BaSO3,ABC3,O3
mp-776076,BaSiO3,ABC3,O3
mp-8558,BaNpO3,ABC3,O3
mp-973447,KBaO3,ABC3,O3
mp-1182237,BaClO3,ABC3,O3
mp-1183286,BaDyO3,ABC3,O3
mp-1183395,BaWO3,ABC3,O3
mp-1183405,BaZnO3,ABC3,O3
mp-1183443,BeSbO3,ABC3,O3
mp-1183449,BeVO3,ABC3,O3
mp-1183476,BeReO3,ABC3,O3
mp-1184148,ErBeO3,ABC3,O3
mp-1184610,HoBeO3,ABC3,O3
mp-1186392,PaBeO3,ABC3,O3
mp-1187143,SrBeO3,ABC3,O3
mp-1187310,TbBeO3,ABC3,O3
mp-1187421,ThBeO3,ABC3,O3
mp-1227955,BaBiO3,ABC3,O3
mp-12958,BaSiO3,ABC3,O3
mp-18407,BaSiO3,ABC3,O3
mp-18840,BaMnO3,ABC3,O3
mp-19138,BaNiO3,ABC3,O3
mp-19267,BaMnO3,ABC3,O3
mp-4307,BaIrO3,ABC3,O3
mp-4559,BaCO3,ABC3,O3
mp-4783,BaPrO3,ABC3,O3
mp-545643,BaCO3,ABC3,O3
mp-5773,BaRuO3,ABC3,O3
mp-7685,BaRhO3,ABC3,O3
mp-8037,BaThO3,ABC3,O3
mp-975387,RbBaO3,ABC3,O3
mp-976185,NaBeO3,ABC3,O3
mp-978503,SmBeO3,ABC3,O3
mp-981934,LaBeO3,ABC3,O3
mp-982975,LiBeO3,ABC3,O3
mp-984552,BeZnO3,ABC3,O3
mp-984632,CaBeO3,ABC3,O3
mp-1101165,YbBiO3,ABC3,O3
mp-1183403,BeBiO3,ABC3,O3
mp-1183413,BeHgO3,ABC3,O3
mp-1183415,BeGeO3,ABC3,O3
mp-1183418,BeCdO3,ABC3,O3
mp-1183426,BeCuO3,ABC3,O3
mp-1183431,BeOsO3,ABC3,O3
mp-1183436,BeInO3,ABC3,O3
mp-1183445,BeSiO3,ABC3,O3
mp-1183447,BePdO3,ABC3,O3
mp-1183451,BePtO3,ABC3,O3
mp-1183499,BePbO3,ABC3,O3
mp-1183685,CeBeO3,ABC3,O3
mp-1184325,EuBeO3,ABC3,O3
mp-1184468,GdBeO3,ABC3,O3
mp-1184563,HfBeO3,ABC3,O3
mp-1185692,MgBeO3,ABC3,O3
mp-1186216,NbBiO3,ABC3,O3
mp-1186533,PmBeO3,ABC3,O3
mp-1186742,PrBeO3,ABC3,O3
mp-1187465,TiBeO3,ABC3,O3
mp-1187752,UBeO3,ABC3,O3
mp-1187905,YbBeO3,ABC3,O3
mp-1188011,ZrBeO3,ABC3,O3
mp-1202955,MnBiO3,ABC3,O3
mp-1207000,DyBiO3,ABC3,O3
mp-1239170,ZrBeO3,ABC3,O3
mp-550008,ScBiO3,ABC3,O3
mp-555351,FeBiO3,ABC3,O3
mp-555769,ScBiO3,ABC3,O3
mp-556711,MnBiO3,ABC3,O3
mp-559851,CrBiO3,ABC3,O3
mp-561102,InBiO3,ABC3,O3
mp-645159,FeBiO3,ABC3,O3
mp-754636,ErBiO3,ABC3,O3
mp-755003,LaBiO3,ABC3,O3
mp-755382,BiSbO3,ABC3,O3
mp-755893,CaBiO3,ABC3,O3
mp-756282,VBiO3,ABC3,O3
mp-770830,HoBiO3,ABC3,O3
mp-778408,HgBiO3,ABC3,O3
mp-972222,TaBeO3,ABC3,O3
mp-972395,TmBeO3,ABC3,O3
mp-973396,KBeO3,ABC3,O3
mp-973930,NpBeO3,ABC3,O3
mp-975394,RbBeO3,ABC3,O3
mp-975579,NdBeO3,ABC3,O3
mp-976727,PrBiO3,ABC3,O3
mp-984722,BeGaO3,ABC3,O3
mvc-13598,YBiO3,ABC3,O3
mp-1106239,MnBiO3,ABC3,O3
mp-1178485,BiCO3,ABC3,O3
mp-1184051,CuBiO3,ABC3,O3
mp-1188346,CoBiO3,ABC3,O3
mp-22949,FeBiO3,ABC3,O3
mp-22979,GaBiO3,ABC3,O3
mp-23054,NaBiO3,ABC3,O3
mp-23456,CrBiO3,ABC3,O3
mp-23477,MnBiO3,ABC3,O3
mp-25096,NiBiO3,ABC3,O3
mp-29077,LiBiO3,ABC3,O3
mp-29164,SrBiO3,ABC3,O3
mp-545379,InBiO3,ABC3,O3
mp-547069,FeBiO3,ABC3,O3
mp-551451,FeBiO3,ABC3,O3
mp-558285,GaBiO3,ABC3,O3
mp-676536,KBiO3,ABC3,O3
mp-754009,ScBiO3,ABC3,O3
mp-754943,ErBiO3,ABC3,O3
mp-755568,GaBiO3,ABC3,O3
mp-756205,ScBiO3,ABC3,O3
mp-772801,LuBiO3,ABC3,O3
mp-867749,CaBiO3,ABC3,O3
mp-971706,ZnBiO3,ABC3,O3
mp-974581,ReBiO3,ABC3,O3
mp-975384,RbBiO3,ABC3,O3
mvc-15941,YBiO3,ABC3,O3
mp-1069079,FeBiO3,ABC3,O3
mp-1105271,MnBiO3,ABC3,O3
mp-1105718,NiBiO3,ABC3,O3
mp-1176501,LuBiO3,ABC3,O3
mp-1178162,HoBiO3,ABC3,O3
mp-1178493,CaBiO3,ABC3,O3
mp-1182718,FeBiO3,ABC3,O3
mp-1183469,BiPtO3,ABC3,O3
mp-1184562,GeBiO3,ABC3,O3
mp-1185847,MgBiO3,ABC3,O3
mp-1187744,VBiO3,ABC3,O3
mp-23532,NiBiO3,ABC3,O3
mp-555313,ScBiO3,ABC3,O3
mp-556892,InBiO3,ABC3,O3
mp-573119,BiRhO3,ABC3,O3
mp-676312,YbBiO3,ABC3,O3
mp-754300,HoBiO3,ABC3,O3
mp-755216,TmBiO3,ABC3,O3
mp-755478,CdBiO3,ABC3,O3
mp-768221,YBiO3,ABC3,O3
mp-768310,LaBiO3,ABC3,O3
mp-863367,KBiO3,ABC3,O3
mp-972827,SiBiO3,ABC3,O3
mp-974740,NdBiO3,ABC3,O3
mp-982040,KBiO3,ABC3,O3
mp-983578,CsBiO3,ABC3,O3
mp-998363,NiBiO3,ABC3,O3
mp-998527,NiBiO3,ABC3,O3
mvc-3479,YBiO3,ABC3,O3
mvc-3850,CaBiO3,ABC3,O3
mvc-3874,ZnBiO3,ABC3,O3
mp-1101383,ScBiO3,ABC3,O3
mp-1183479,BiMoO3,ABC3,O3
mp-1194603,MnBiO3,ABC3,O3
mp-23339,NaBrO3,ABC3,O3
mp-23501,FeBiO3,ABC3,O3
mp-29526,BrNO3,ABC3,O3
mp-29799,KBiO3,ABC3,O3
mp-545522,CoBiO3,ABC3,O3
mp-546027,CrBiO3,ABC3,O3
mp-548231,FeBiO3,ABC3,O3
mp-608595,NaBrO3,ABC3,O3
mp-655631,FeBiO3,ABC3,O3
mp-754152,YBiO3,ABC3,O3
mp-754323,TmBiO3,ABC3,O3
mvc-15669,MgBiO3,ABC3,O3
mvc-15745,YBiO3,ABC3,O3
mp-22958,KBrO3,ABC3,O3
mp-27994,HgBrO3,ABC3,O3
mp-28872,RbBrO3,ABC3,O3
mp-29798,TlBrO3,ABC3,O3
mp-1105697,PbCO3,ABC3,O3
mp-1178374,CuCO3,ABC3,O3
mp-1180213,NaBrO3,ABC3,O3
mp-1197831,LiBrO3,ABC3,O3
mp-19893,PbCO3,ABC3,O3
mp-27249,CuCO3,ABC3,O3
mp-28873,CsBrO3,ABC3,O3
mp-3822,SrCO3,ABC3,O3
mp-4626,CaCO3,ABC3,O3
mp-5348,MgCO3,ABC3,O3
mp-546079,MgCO3,ABC3,O3
mp-547864,CdCO3,ABC3,O3
mp-554518,EuCO3,ABC3,O3
mp-755605,TbCO3,ABC3,O3
mp-758329,YbCO3,ABC3,O3
mp-1080068,CuCO3,ABC3,O3
mp-1181984,CoCO3,ABC3,O3
mp-1198558,CdCO3,ABC3,O3
mp-18969,FeCO3,ABC3,O3
mp-21434,CoCO3,ABC3,O3
mp-38035,SrCO3,ABC3,O3
mp-3953,CaCO3,ABC3,O3
mp-4385,CdCO3,ABC3,O3
mp-696740,CaCO3,ABC3,O3
mp-755213,YbCO3,ABC3,O3
mp-758727,CuCO3,ABC3,O3
mp-760595,CuCO3,ABC3,O3
mp-1079918,CaCO3,ABC3,O3
mp-1105868,KCO3,ABC3,O3
mp-1180143,MnCO3,ABC3,O3
mp-1194399,CaCO3,ABC3,O3
mp-1197230,CaCO3,ABC3,O3
mp-1218370,SrCO3,ABC3,O3
mp-31302,KCO3,ABC3,O3
mp-560265,CaCO3,ABC3,O3
mp-561412,CaCO3,ABC3,O3
mp-641635,CaCO3,ABC3,O3
mp-690525,MnCO3,ABC3,O3
mp-9812,ZnCO3,ABC3,O3
mp-1016853,CaVO3,ABC3,O3
mp-1078473,MnCO3,ABC3,O3
mp-1106094,KCO3,ABC3,O3
mp-1120755,NaCO3,ABC3,O3
mp-1180142,MnCO3,ABC3,O3
mp-1188793,NaCO3,ABC3,O3
mp-1197939,CaCO3,ABC3,O3
mp-1279252,MnCO3,ABC3,O3
mp-17008,CaTeO3,ABC3,O3
mp-18814,MnCO3,ABC3,O3
mp-19147,NiCO3,ABC3,O3
mp-31271,RbCO3,ABC3,O3
mp-3205,CaCO3,ABC3,O3
mp-33746,SrCO3,ABC3,O3
mp-4428,CaSiO3,ABC3,O3
mp-548403,CaCO3,ABC3,O3
mp-553939,CaCO3,ABC3,O3
mp-554549,CaGeO3,ABC3,O3
mp-556235,CaCO3,ABC3,O3
mp-560885,CaSiO3,ABC3,O3
mp-654812,CdCO3,ABC3,O3
mp-760536,CuCO3,ABC3,O3
mp-1001571,CaFeO3,ABC3,O3
mp-1016872,CaIrO3,ABC3,O3
mp-1016884,CaGeO3,ABC3,O3
mp-1099873,CaCuO3,ABC3,O3
mp-1183538,CaTmO3,ABC3,O3
mp-1183540,CaZnO3,ABC3,O3
mp-1183543,CaInO3,ABC3,O3
mp-1183570,CaHgO3,ABC3,O3
mp-19012,CaMoO3,ABC3,O3
mp-19201,CaMnO3,ABC3,O3
mp-20772,CaCrO3,ABC3,O3
mp-20947,CaRuO3,ABC3,O3
mp-3442,CaTiO3,ABC3,O3
mp-4438,CaSnO3,ABC3,O3
mp-4784,CaPtO3,ABC3,O3
mp-4957,CaNbO3,ABC3,O3
mp-546910,CaSnO3,ABC3,O3
mp-560656,CaTeO3,ABC3,O3
mp-561086,CaSiO3,ABC3,O3
mp-561374,CaTeO3,ABC3,O3
mp-776074,CaGeO3,ABC3,O3
mp-7986,CaSnO3,ABC3,O3
mp-8130,CaGeO3,ABC3,O3
mp-998432,CaTcO3,ABC3,O3
mvc-3975,CaSbO3,ABC3,O3
mvc-3998,CaNiO3,ABC3,O3
mp-1016835,CaRuO3,ABC3,O3
mp-1017467,CaMnO3,ABC3,O3
mp-1078659,CaRhO3,ABC3,O3
mp-1183534,CaScO3,ABC3,O3
mp-1188497,CaMnO3,ABC3,O3
mp-1188853,CaTcO3,ABC3,O3
mp-1205364,CaTiO3,ABC3,O3
mp-1275341,CaFeO3,ABC3,O3
mp-1278982,CaFeO3,ABC3,O3
mp-19115,CaFeO3,ABC3,O3
mp-4019,CaTiO3,ABC3,O3
mp-4190,CaSnO3,ABC3,O3
mp-4356,CaSiO3,ABC3,O3
mp-4853,CaSiO3,ABC3,O3
mp-555735,CaIrO3,ABC3,O3
mp-556003,CaTiO3,ABC3,O3
mp-776086,CaGeO3,ABC3,O3
mp-984240,CsCaO3,ABC3,O3
mvc-14243,CaCoO3,ABC3,O3
mvc-16572,CaMoO3,ABC3,O3
mvc-3994,CaCoO3,ABC3,O3
mvc-3996,CaWO3,ABC3,O3
mvc-5756,CaWO3,ABC3,O3
mp-1016873,CaHfO3,ABC3,O3
mp-1181886,CaSiO3,ABC3,O3
mp-1181917,CaRhO3,ABC3,O3
mp-1183539,CaHoO3,ABC3,O3
mp-1183562,CaLaO3,ABC3,O3
mp-1186118,NaCaO3,ABC3,O3
mp-17761,CaGeO3,ABC3,O3
mp-20079,CaPbO3,ABC3,O3
mp-3382,CaSiO3,ABC3,O3
mp-4243,CaIrO3,ABC3,O3
mp-4571,CaZrO3,ABC3,O3
mp-560097,CaTeO3,ABC3,O3
mp-5827,CaTiO3,ABC3,O3
mp-754103,CaNiO3,ABC3,O3
mp-756708,CaPrO3,ABC3,O3
mp-776024,CaZrO3,ABC3,O3
mp-978842,SrCaO3,ABC3,O3
mvc-13158,CaVO3,ABC3,O3
mvc-3834,CaSbO3,ABC3,O3
mp-1016833,CaRhO3,ABC3,O3
mp-1016900,CaOsO3,ABC3,O3
mp-1099934,CaCoO3,ABC3,O3
mp-1183532,CaMgO3,ABC3,O3
mp-1183544,CaYO3,ABC3,O3
mp-1213970,CaOsO3,ABC3,O3
mp-1228456,CaTeO3,ABC3,O3
mp-17552,CaSiO3,ABC3,O3
mp-20198,CaIrO3,ABC3,O3
mp-22608,CaVO3,ABC3,O3
mp-2981,CaTeO3,ABC3,O3
mp-3387,CaSiO3,ABC3,O3
mp-4429,CaSiO3,ABC3,O3
mp-5096,CaSiO3,ABC3,O3
mp-542112,CaZrO3,ABC3,O3
mp-557997,CaSeO3,ABC3,O3
mp-5733,CaSiO3,ABC3,O3
mp-5893,CaSiO3,ABC3,O3
mp-607467,CaMoO3,ABC3,O3
mp-754140,CaSeO3,ABC3,O3
mp-754701,CaTiO3,ABC3,O3
mp-754853,CaHfO3,ABC3,O3
mp-756365,CaCeO3,ABC3,O3
mp-975333,LiCaO3,ABC3,O3
mp-975382,RbCaO3,ABC3,O3
mp-982885,KCaO3,ABC3,O3
mp-998543,CaTcO3,ABC3,O3
mp-1016828,CdIrO3,ABC3,O3
mp-1016854,MnCdO3,ABC3,O3
mp-1016879,CdSiO3,ABC3,O3
mp-1016882,CdOsO3,ABC3,O3
mp-1079054,CaIrO3,ABC3,O3
mp-1183925,CsCdO3,ABC3,O3
mp-1184992,KCdO3,ABC3,O3
mp-1185203,LiCdO3,ABC3,O3
mp-14550,TiCdO3,ABC3,O3
mp-18634,CdSO3,ABC3,O3
mp-20940,TiCdO3,ABC3,O3
mp-556680,CdSO3,ABC3,O3
mp-649676,CaSiO3,ABC3,O3
mp-768578,CdCoO3,ABC3,O3
mp-776023,CdSiO3,ABC3,O3
mp-8275,CdGeO3,ABC3,O3
mp-8516,CdSO3,ABC3,O3
mp-9186,CdSeO3,ABC3,O3
mp-975380,RbCdO3,ABC3,O3
mp-976293,NaCdO3,ABC3,O3
mp-1016845,ZrCdO3,ABC3,O3
mp-1016846,TiCdO3,ABC3,O3
mp-1016849,CdRuO3,ABC3,O3
mp-1016875,CdRhO3,ABC3,O3
mp-1016881,CdSnO3,ABC3,O3
mp-1016903,CdGeO3,ABC3,O3
mp-1016904,VCdO3,ABC3,O3
mp-1017446,HfCdO3,ABC3,O3
mp-1212404,HfCdO3,ABC3,O3
mp-13003,CdGeO3,ABC3,O3
mp-1322456,CdFeO3,ABC3,O3
mp-13641,TiCdO3,ABC3,O3
mp-22345,TiCdO3,ABC3,O3
mp-28290,CdTeO3,ABC3,O3
mp-556857,VCdO3,ABC3,O3
mp-560560,CdSiO3,ABC3,O3
mp-685935,CdGeO3,ABC3,O3
mp-754329,CdSnO3,ABC3,O3
mp-7588,CdGeO3,ABC3,O3
mp-770662,CdCoO3,ABC3,O3
mp-776476,CdFeO3,ABC3,O3
mp-849371,CdSnO3,ABC3,O3
mp-973869,LaCdO3,ABC3,O3
mp-1189706,CdTcO3,ABC3,O3
mp-1214439,CePbO3,ABC3,O3
mp-1639105,CdFeO3,ABC3,O3
mp-22428,SrCeO3,ABC3,O3
mp-22593,CeVO3,ABC3,O3
mp-22649,VCdO3,ABC3,O3
mp-2951,CdGeO3,ABC3,O3
mp-5052,TiCdO3,ABC3,O3
mp-559203,CdSeO3,ABC3,O3
mp-685257,CdPbO3,ABC3,O3
mp-752746,CdCoO3,ABC3,O3
mp-754524,CeTiO3,ABC3,O3
mp-776207,CeNiO3,ABC3,O3
mp-973613,LiCeO3,ABC3,O3
mp-1019598,CeGaO3,ABC3,O3
mp-1183759,CePuO3,ABC3,O3
mp-1207625,YbCeO3,ABC3,O3
mp-1213810,CeLuO3,ABC3,O3
mp-1213826,CeRhO3,ABC3,O3
mp-22540,CeGaO3,ABC3,O3
mp-33365,CeGaO3,ABC3,O3
mp-38685,CeSbO3,ABC3,O3
mp-780712,CeCrO3,ABC3,O3
mp-977389,CeCuO3,ABC3,O3
mp-1180304,NClO3,ABC3,O3
mp-1183701,CeTaO3,ABC3,O3
mp-1183706,CeMnO3,ABC3,O3
mp-1213788,CeTmO3,ABC3,O3
mp-18769,CeVO3,ABC3,O3
mp-20530,CeCrO3,ABC3,O3
mp-756062,CeFeO3,ABC3,O3
mp-760386,CsClO3,ABC3,O3
mp-777413,CeScO3,ABC3,O3
mp-864636,CeFeO3,ABC3,O3
mp-866095,CeNiO3,ABC3,O3
mp-1021667,IClO3,ABC3,O3
mp-1180300,NClO3,ABC3,O3
mp-1180505,NaClO3,ABC3,O3
mp-29738,TlClO3,ABC3,O3
mp-30937,HgClO3,ABC3,O3
mp-546798,MnClO3,ABC3,O3
mp-655586,NaClO3,ABC3,O3
mp-754202,CsClO3,ABC3,O3
mp-754712,NClO3,ABC3,O3
mp-974724,ReClO3,ABC3,O3
mp-1070665,NClO3,ABC3,O3
mp-1180278,NaClO3,ABC3,O3
mp-23022,KClO3,ABC3,O3
mp-550506,KClO3,ABC3,O3
mp-555726,NaClO3,ABC3,O3
mp-556084,KClO3,ABC3,O3
mp-630949,NaClO3,ABC3,O3
mp-779389,CsClO3,ABC3,O3
mp-1288734,YCoO3,ABC3,O3
mp-1643785,ScCoO3,ABC3,O3
mp-22668,YCoO3,ABC3,O3
mp-23011,RbClO3,ABC3,O3
mp-23330,NaClO3,ABC3,O3
mp-561954,TmCoO3,ABC3,O3
mp-1183692,CoSnO3,ABC3,O3
mp-1183715,CoRhO3,ABC3,O3
mp-1186400,PaCoO3,ABC3,O3
mp-1212757,EuCoO3,ABC3,O3
mp-1279343,CoNiO3,ABC3,O3
mp-1281764,SrCoO3,ABC3,O3
mp-1288479,LaCoO3,ABC3,O3
mp-19051,LaCoO3,ABC3,O3
mp-505766,SrCoO3,ABC3,O3
mp-573180,LaCoO3,ABC3,O3
mp-752613,CoSnO3,ABC3,O3
mp-761293,ZrCoO3,ABC3,O3
mp-761574,CoSnO3,ABC3,O3
mp-770488,CoPbO3,ABC3,O3
mp-770614,TlCoO3,ABC3,O3
mp-1183681,CoSbO3,ABC3,O3
mp-1186980,ScCoO3,ABC3,O3
mp-1272234,CoNiO3,ABC3,O3
mp-1273989,LaCoO3,ABC3,O3
mp-1283849,SrCoO3,ABC3,O3
mp-19424,TiCoO3,ABC3,O3
mp-20427,PrCoO3,ABC3,O3
mp-20641,MnCoO3,ABC3,O3
mp-22549,SmCoO3,ABC3,O3
mp-22599,NdCoO3,ABC3,O3
mp-550950,LuCoO3,ABC3,O3
mp-562466,SrCoO3,ABC3,O3
mp-754124,ScCoO3,ABC3,O3
mp-985545,CoTeO3,ABC3,O3
mp-1178420,CoPbO3,ABC3,O3
mp-1184947,KCoO3,ABC3,O3
mp-1187746,VCoO3,ABC3,O3
mp-1274195,YCoO3,ABC3,O3
mp-1296711,LaCoO3,ABC3,O3
mp-19802,TbCoO3,ABC3,O3
mp-22137,DyCoO3,ABC3,O3
mp-22616,CoSeO3,ABC3,O3
mp-510611,LaCoO3,ABC3,O3
mp-562779,ErCoO3,ABC3,O3
mp-562826,CoSeO3,ABC3,O3
mp-699575,CoSiO3,ABC3,O3
mp-753026,ZnCoO3,ABC3,O3
mp-753534,HfCoO3,ABC3,O3
mp-755167,InCoO3,ABC3,O3
mp-755711,MgCoO3,ABC3,O3
mp-755788,TlCoO3,ABC3,O3
mp-756102,MgCoO3,ABC3,O3
mp-756464,TlCoO3,ABC3,O3
mvc-11732,YCoO3,ABC3,O3
mp-1075975,EuCoO3,ABC3,O3
mp-1180725,LaCoO3,ABC3,O3
mp-1183772,CoMoO3,ABC3,O3
mp-19113,CoTeO3,ABC3,O3
mp-20016,SmCoO3,ABC3,O3
mp-20090,PrCoO3,ABC3,O3
mp-561922,LaCoO3,ABC3,O3
mp-687081,YbCoO3,ABC3,O3
mp-758652,ZnCoO3,ABC3,O3
mvc-3765,YCoO3,ABC3,O3
mp-1076820,MgCoO3,ABC3,O3
mp-1178424,CoNiO3,ABC3,O3
mp-1181307,LaCoO3,ABC3,O3
mp-1185232,LaCoO3,ABC3,O3
mp-1186126,NaCoO3,ABC3,O3
mp-1277045,VCoO3,ABC3,O3
mp-1277476,LaCoO3,ABC3,O3
mp-20031,NdCoO3,ABC3,O3
mp-20570,HoCoO3,ABC3,O3
mp-20951,GdCoO3,ABC3,O3
mp-22136,CoGeO3,ABC3,O3
mp-755569,CoPbO3,ABC3,O3
mp-756665,ZrCoO3,ABC3,O3
mp-761524,MgCoO3,ABC3,O3
mvc-15868,ZnCoO3,ABC3,O3
mvc-3570,YCoO3,ABC3,O3
mp-1105822,PrCrO3,ABC3,O3
mp-1187577,TmCrO3,ABC3,O3
mp-1206118,VCoO3,ABC3,O3
mp-1226283,CrWO3,ABC3,O3
mp-1226313,CrMoO3,ABC3,O3
mp-1244905,CrFeO3,ABC3,O3
mp-1245260,CrFeO3,ABC3,O3
mp-1273854,SrCoO3,ABC3,O3
mp-18770,YCrO3,ABC3,O3
mp-18961,ScCrO3,ABC3,O3
mp-19062,NdCrO3,ABC3,O3
mp-756322,HfCrO3,ABC3,O3
mp-761337,SrCrO3,ABC3,O3
mp-769855,SrCrO3,ABC3,O3
mp-770843,VCrO3,ABC3,O3
mp-770849,VCrO3,ABC3,O3
mvc-3768,YCrO3,ABC3,O3
mvc-4001,ZnCrO3,ABC3,O3
mp-1076360,RbCrO3,ABC3,O3
mp-1101715,VCrO3,ABC3,O3
mp-1147577,GdCrO3,ABC3,O3
mp-1183712,CrGeO3,ABC3,O3
mp-1183719,CrRhO3,ABC3,O3
mp-1185311,LiCrO3,ABC3,O3
mp-1189762,EuCrO3,ABC3,O3
mp-1209736,PuCrO3,ABC3,O3
mp-1244876,CrFeO3,ABC3,O3
mp-18841,LaCrO3,ABC3,O3
mp-19269,NdCrO3,ABC3,O3
mp-19281,LaCrO3,ABC3,O3
mp-753988,VCrO3,ABC3,O3
mp-754036,VCrO3,ABC3,O3
mp-754941,EuCrO3,ABC3,O3
mp-755055,ZrCrO3,ABC3,O3
mp-755471,LuCrO3,ABC3,O3
mp-755606,TiCrO3,ABC3,O3
mp-756124,TbCrO3,ABC3,O3
mp-756834,HoCrO3,ABC3,O3
mp-770778,VCrO3,ABC3,O3
mp-777295,TmCrO3,ABC3,O3
mp-781082,SrCrO3,ABC3,O3
mvc-3987,MgCrO3,ABC3,O3
mp-1076732,KCrO3,ABC3,O3
mp-1105788,SmCrO3,ABC3,O3
mp-1183695,CrTcO3,ABC3,O3
mp-1183696,CrCuO3,ABC3,O3
mp-1216392,VCrO3,ABC3,O3
mp-1245072,CrFeO3,ABC3,O3
mp-1245144,CrFeO3,ABC3,O3
mp-1245147,CrFeO3,ABC3,O3
mp-1245179,CrFeO3,ABC3,O3
mp-1245204,CrFeO3,ABC3,O3
mp-18725,YCrO3,ABC3,O3
mp-19063,ErCrO3,ABC3,O3
mp-19353,PrCrO3,ABC3,O3
mp-19381,DyCrO3,ABC3,O3
mp-20029,SrCrO3,ABC3,O3
mp-755281,VCrO3,ABC3,O3
mp-756083,TiCrO3,ABC3,O3
mp-756147,CrInO3,ABC3,O3
mp-757023,VCrO3,ABC3,O3
mp-770855,VCrO3,ABC3,O3
mvc-3569,YCrO3,ABC3,O3
mp-1068320,CsSO3,ABC3,O3
mp-1076642,NaCrO3,ABC3,O3
mp-1078458,CrFeO3,ABC3,O3
mp-1183914,CsOsO3,ABC3,O3
mp-1183922,CsNdO3,ABC3,O3
mp-1183926,CsRbO3,ABC3,O3
mp-1183933,CsNpO3,ABC3,O3
mp-1183976,CsTeO3,ABC3,O3
mp-1183997,CsThO3,ABC3,O3
mp-1185545,CsPbO3,ABC3,O3
mp-1185551,CsTbO3,ABC3,O3
mp-1185552,CsTaO3,ABC3,O3
mp-1185564,CsYbO3,ABC3,O3
mp-1187572,YbCrO3,ABC3,O3
mp-1207582,YbCrO3,ABC3,O3
mp-18331,GdCrO3,ABC3,O3
mp-19257,SmCrO3,ABC3,O3
mp-19357,LaCrO3,ABC3,O3
mp-22364,CrPbO3,ABC3,O3
mp-22628,CsNO3,ABC3,O3
mp-27556,CsNbO3,ABC3,O3
mp-28295,CsIO3,ABC3,O3
mp-504651,CsVO3,ABC3,O3
mp-561851,CsNO3,ABC3,O3
mp-613384,CsIO3,ABC3,O3
mp-770779,VCrO3,ABC3,O3
mp-984051,CsGeO3,ABC3,O3
mp-984356,CsIrO3,ABC3,O3
mp-984357,CsKO3,ABC3,O3
mp-1076070,LaCuO3,ABC3,O3
mp-1096944,CsNbO3,ABC3,O3
mp-1176440,MnCuO3,ABC3,O3
mp-1183913,CsPdO3,ABC3,O3
mp-1183917,CsMoO3,ABC3,O3
mp-1183918,CsLaO3,ABC3,O3
mp-1183919,CsPrO3,ABC3,O3
mp-1183920,CsPaO3,ABC3,O3
mp-1183929,CsNaO3,ABC3,O3
mp-1183971,CsRuO3,ABC3,O3
mp-1183972,CsSrO3,ABC3,O3
mp-1183977,CsTiO3,ABC3,O3
mp-1184022,CsSmO3,ABC3,O3
mp-1185544,CsTlO3,ABC3,O3
mp-1185550,CsEuO3,ABC3,O3
mp-1185561,CsSbO3,ABC3,O3
mp-1187483,TlCuO3,ABC3,O3
mp-1196533,CsNO3,ABC3,O3
mp-1213226,CsPO3,ABC3,O3
mp-1213232,CsPO3,ABC3,O3
mp-29049,SrCuO3,ABC3,O3
mp-561681,CsSO3,ABC3,O3
mp-766856,CuPO3,ABC3,O3
mp-772192,CuPO3,ABC3,O3
mp-865424,CsUO3,ABC3,O3
mp-984082,CsGdO3,ABC3,O3
mp-984745,CsSnO3,ABC3,O3
mp-984756,CsMgO3,ABC3,O3
mp-1105167,VCuO3,ABC3,O3
mp-1147748,TiCuO3,ABC3,O3
mp-1184073,CuPdO3,ABC3,O3
mp-1186515,PrCuO3,ABC3,O3
mp-1187321,TbCuO3,ABC3,O3
mp-1187469,TiCuO3,ABC3,O3
mp-16053,CuSiO3,ABC3,O3
mp-17272,NbCuO3,ABC3,O3
mp-22414,CuSeO3,ABC3,O3
mp-554440,CuSeO3,ABC3,O3
mp-561216,CuGeO3,ABC3,O3
mp-756050,TaCuO3,ABC3,O3
mp-975443,InCuO3,ABC3,O3
mvc-11697,YCuO3,ABC3,O3
mp-1076317,MgCuO3,ABC3,O3
mp-1076711,SrCuO3,ABC3,O3
mp-1100778,ZnCuO3,ABC3,O3
mp-1183771,DyCuO3,ABC3,O3
mp-1187562,YbCuO3,ABC3,O3
mp-20977,CuTeO3,ABC3,O3
mp-21344,CuGeO3,ABC3,O3
mp-3474,LaCuO3,ABC3,O3
mp-4320,CuTeO3,ABC3,O3
mp-562987,VCuO3,ABC3,O3
mp-772255,CuPO3,ABC3,O3
mp-973068,ScCuO3,ABC3,O3
mp-1076706,SmCuO3,ABC3,O3
mp-1184044,CuHgO3,ABC3,O3
mp-1184117,CuPbO3,ABC3,O3
mp-1184157,ErCuO3,ABC3,O3
mp-1224030,InCuO3,ABC3,O3
mp-554874,CuGeO3,ABC3,O3
mp-558696,CuTeO3,ABC3,O3
mp-560049,CuSeO3,ABC3,O3
mp-770767,SmCuO3,ABC3,O3
mvc-12804,EuCuO3,ABC3,O3
mvc-13900,YCuO3,ABC3,O3
mp-1075902,EuCuO3,ABC3,O3
mp-1184481,GdCuO3,ABC3,O3
mp-1184736,HoCuO3,ABC3,O3
mp-1187487,ThCuO3,ABC3,O3
mp-22688,CuSeO3,ABC3,O3
mp-556982,CuSiO3,ABC3,O3
mp-772548,SmCuO3,ABC3,O3
mp-975364,RbCuO3,ABC3,O3
mp-1183790,DyPaO3,ABC3,O3
mp-1184153,DySnO3,ABC3,O3
mp-1202570,CuGeO3,ABC3,O3
mp-504580,VCuO3,ABC3,O3
mp-756272,LaDyO3,ABC3,O3
mp-756452,SmDyO3,ABC3,O3
mp-768333,DyYO3,ABC3,O3
mp-769015,DyGaO3,ABC3,O3
mp-772188,DyErO3,ABC3,O3
mvc-3468,YCuO3,ABC3,O3
mp-1178360,DyInO3,ABC3,O3
mp-1183821,DyRhO3,ABC3,O3
mp-1183823,DyInO3,ABC3,O3
mp-1184778,HoErO3,ABC3,O3
mp-1184954,KDyO3,ABC3,O3
mp-1185308,LiDyO3,ABC3,O3
mp-1186557,PmErO3,ABC3,O3
mp-1187145,SrDyO3,ABC3,O3
mp-1187147,SrErO3,ABC3,O3
mp-1207184,DySbO3,ABC3,O3
mp-1212884,DyRhO3,ABC3,O3
mp-1213082,ErGaO3,ABC3,O3
mp-19217,ErMnO3,ABC3,O3
mp-19265,DyNiO3,ABC3,O3
mp-22103,DyMnO3,ABC3,O3
mp-22283,DyFeO3,ABC3,O3
mp-22789,DyVO3,ABC3,O3
mp-31120,DyScO3,ABC3,O3
mp-542479,DyMnO3,ABC3,O3
mp-752435,DyTmO3,ABC3,O3
mp-755612,DyGaO3,ABC3,O3
mp-756048,TbErO3,ABC3,O3
mp-756469,DyLuO3,ABC3,O3
mp-768145,DyHoO3,ABC3,O3
mp-768149,DyInO3,ABC3,O3
mp-769393,DySeO3,ABC3,O3
mp-779599,DyTiO3,ABC3,O3
mp-975386,RbDyO3,ABC3,O3
mp-1183905,EuErO3,ABC3,O3
mp-1184162,ErIrO3,ABC3,O3
mp-1184164,ErGaO3,ABC3,O3
mp-1184204,ErTaO3,ABC3,O3
mp-1184207,ErZnO3,ABC3,O3
mp-1184219,ErTlO3,ABC3,O3
mp-1184486,GdErO3,ABC3,O3
mp-1185310,LiErO3,ABC3,O3
mp-1187342,TbErO3,ABC3,O3
mp-1189736,ErNiO3,ABC3,O3
mp-1212985,ErScO3,ABC3,O3
mp-1213022,ErRhO3,ABC3,O3
mp-1213088,ErGaO3,ABC3,O3
mp-19205,ErVO3,ABC3,O3
mp-19319,ErMnO3,ABC3,O3
mp-19935,ErFeO3,ABC3,O3
mp-7538,LaErO3,ABC3,O3
mp-754203,SmErO3,ABC3,O3
mp-754208,ErInO3,ABC3,O3
mp-755109,YErO3,ABC3,O3
mp-756296,ErTiO3,ABC3,O3
mp-766236,GdErO3,ABC3,O3
mp-770415,HoErO3,ABC3,O3
mp-772217,ErInO3,ABC3,O3
mp-778151,ErLuO3,ABC3,O3
mp-973830,KErO3,ABC3,O3
mp-975361,RbErO3,ABC3,O3
mp-1011260,EuFeO3,ABC3,O3
mp-1075904,EuFeO3,ABC3,O3
mp-1078341,EuNbO3,ABC3,O3
mp-1078670,EuHO3,ABC3,O3
mp-1079111,EuTiO3,ABC3,O3
mp-1099619,EuMnO3,ABC3,O3
mp-1100775,SrEuO3,ABC3,O3
mp-1106293,EuZrO3,ABC3,O3
mp-1178351,EuVO3,ABC3,O3
mp-1178354,EuZrO3,ABC3,O3
mp-1184304,EuInO3,ABC3,O3
mp-1184309,EuLuO3,ABC3,O3
mp-1184348,EuPbO3,ABC3,O3
mp-1184353,EuTmO3,ABC3,O3
mp-1184369,EuPdO3,ABC3,O3
mp-1184400,EuWO3,ABC3,O3
mp-1184445,EuIrO3,ABC3,O3
mp-1184447,EuTcO3,ABC3,O3
mp-1186571,PmEuO3,ABC3,O3
mp-1187715,YbEuO3,ABC3,O3
mp-1212729,EuGaO3,ABC3,O3
mp-1212980,EuInO3,ABC3,O3
mp-1213318,EuUO3,ABC3,O3
mp-1213363,EuNpO3,ABC3,O3
mp-18983,ErNiO3,ABC3,O3
mp-19801,EuRhO3,ABC3,O3
mp-20718,EuNiO3,ABC3,O3
mp-22487,EuScO3,ABC3,O3
mp-755177,EuSeO3,ABC3,O3
mp-755572,EuNbO3,ABC3,O3
mp-771055,EuZrO3,ABC3,O3
mp-862606,EuSnO3,ABC3,O3
mp-865181,EuGeO3,ABC3,O3
mp-866030,EuSiO3,ABC3,O3
mp-866036,EuRuO3,ABC3,O3
mp-972931,EuMgO3,ABC3,O3
mp-976258,EuPtO3,ABC3,O3
mp-976284,EuSbO3,ABC3,O3
mp-976320,EuReO3,ABC3,O3
mp-977412,EuNiO3,ABC3,O3
mp-1184359,EuHgO3,ABC3,O3
mp-1184411,EuMoO3,ABC3,O3
mp-1185344,LiEuO3,ABC3,O3
mp-1206706,EuGaO3,ABC3,O3
mp-1212795,EuInO3,ABC3,O3
mp-20614,EuMnO3,ABC3,O3
mp-22246,EuTiO3,ABC3,O3
mp-504703,EuFeO3,ABC3,O3
mp-753781,EuHfO3,ABC3,O3
mp-756315,EuVO3,ABC3,O3
mp-977370,EuOsO3,ABC3,O3
mp-1184349,FeRhO3,ABC3,O3
mp-19417,TiFeO3,ABC3,O3
mp-21094,InFeO3,ABC3,O3
mp-540655,FeSO3,ABC3,O3
mp-552676,LaFeO3,ABC3,O3
mp-752416,MgFeO3,ABC3,O3
mp-973579,FePbO3,ABC3,O3
mp-1099588,SmFeO3,ABC3,O3
mp-1184033,GaFeO3,ABC3,O3
mp-1187220,TaFeO3,ABC3,O3
mp-19270,TiFeO3,ABC3,O3
mp-19785,HoFeO3,ABC3,O3
mp-19793,YbFeO3,ABC3,O3
mp-19853,TbFeO3,ABC3,O3
mp-20243,SmFeO3,ABC3,O3
mp-22341,PrFeO3,ABC3,O3
mp-22588,LuFeO3,ABC3,O3
mp-558400,TmFeO3,ABC3,O3
mp-649086,GaFeO3,ABC3,O3
mp-650392,FeSiO3,ABC3,O3
mp-694948,TiFeO3,ABC3,O3
mp-760833,LiFeO3,ABC3,O3
mp-761189,LiFeO3,ABC3,O3
mp-973648,FeRhO3,ABC3,O3
mvc-14155,ZnFeO3,ABC3,O3
mp-1078634,LaFeO3,ABC3,O3
mp-1185320,LiFeO3,ABC3,O3
mp-1193395,LuFeO3,ABC3,O3
mp-1199561,FeSiO3,ABC3,O3
mp-1303831,MgFeO3,ABC3,O3
mp-20407,NdFeO3,ABC3,O3
mp-20783,YFeO3,ABC3,O3
mp-600576,GdFeO3,ABC3,O3
mp-752521,LiFeO3,ABC3,O3
mp-752790,LiFeO3,ABC3,O3
mp-754508,MgFeO3,ABC3,O3
mp-755535,ZnFeO3,ABC3,O3
mp-756941,LiFeO3,ABC3,O3
mp-759744,MnFeO3,ABC3,O3
mp-771123,ScFeO3,ABC3,O3
mp-868005,GaFeO3,ABC3,O3
mp-975322,RbFeO3,ABC3,O3
mvc-15898,MgFeO3,ABC3,O3
mp-1178212,FeSnO3,ABC3,O3
mp-1178214,FeSnO3,ABC3,O3
mp-1277418,YFeO3,ABC3,O3
mp-1278696,TiFeO3,ABC3,O3
mp-1279364,MgFeO3,ABC3,O3
mp-18269,FeSiO3,ABC3,O3
mp-20073,TiFeO3,ABC3,O3
mp-20651,TmFeO3,ABC3,O3
mp-21939,FeSiO3,ABC3,O3
mp-22334,FeGeO3,ABC3,O3
mp-510624,SrFeO3,ABC3,O3
mp-674482,MnFeO3,ABC3,O3
mp-753790,HfFeO3,ABC3,O3
mp-753856,HfFeO3,ABC3,O3
mp-754342,ScFeO3,ABC3,O3
mp-754915,NaFeO3,ABC3,O3
mp-755099,ZnFeO3,ABC3,O3
mp-768499,FeNiO3,ABC3,O3
mp-1076368,MgFeO3,ABC3,O3
mp-1078871,LaGaO3,ABC3,O3
mp-1097023,KFeO3,ABC3,O3
mp-1184032,GaFeO3,ABC3,O3
mp-1186134,NaFeO3,ABC3,O3
mp-1186220,NbFeO3,ABC3,O3
mp-1207083,FeSnO3,ABC3,O3
mp-1276430,FeNiO3,ABC3,O3
mp-17853,YGaO3,ABC3,O3
mp-19074,TiFeO3,ABC3,O3
mp-22590,LaFeO3,ABC3,O3
mp-505819,TlFeO3,ABC3,O3
mp-605340,LaFeO3,ABC3,O3
mp-754165,ScGaO3,ABC3,O3
mp-768469,TmGaO3,ABC3,O3
mp-769079,ScGaO3,ABC3,O3
mp-769734,ScFeO3,ABC3,O3
mvc-11229,YFeO3,ABC3,O3
mvc-3751,YFeO3,ABC3,O3
mp-1101339,TbGaO3,ABC3,O3
mp-1184206,GaSiO3,ABC3,O3
mp-1184243,GaSnO3,ABC3,O3
mp-1207537,YbGaO3,ABC3,O3
mp-18656,GdGaO3,ABC3,O3
mp-3336,LaGaO3,ABC3,O3
mp-4535,PrGaO3,ABC3,O3
mp-5837,LaGaO3,ABC3,O3
mp-754578,TmGaO3,ABC3,O3
mp-755792,LuGaO3,ABC3,O3
mp-756909,TlGaO3,ABC3,O3
mp-769045,HoGaO3,ABC3,O3
mp-8098,InGaO3,ABC3,O3
mp-9831,LaGaO3,ABC3,O3
mp-1097026,LaGaO3,ABC3,O3
mp-1101269,TmGaO3,ABC3,O3
mp-1176435,MnGaO3,ABC3,O3
mp-1180739,LaGaO3,ABC3,O3
mp-1183980,GaGeO3,ABC3,O3
mp-1183983,GaNiO3,ABC3,O3
mp-1184220,GaTeO3,ABC3,O3
mp-1185488,LuGaO3,ABC3,O3
mp-1186662,PuGaO3,ABC3,O3
mp-1187561,YbGaO3,ABC3,O3
mp-3196,NdGaO3,ABC3,O3
mp-556983,LaGaO3,ABC3,O3
mp-754239,ScGaO3,ABC3,O3
mp-755342,LuGaO3,ABC3,O3
mp-755416,HoGaO3,ABC3,O3
mp-755580,VGaO3,ABC3,O3
mp-768505,LuGaO3,ABC3,O3
mp-971733,ZnGaO3,ABC3,O3
mp-978504,SmGaO3,ABC3,O3
mp-9833,PrGaO3,ABC3,O3
mp-1184484,GdSiO3,ABC3,O3
mp-1184491,GdThO3,ABC3,O3
mp-1184503,GdRhO3,ABC3,O3
mp-1184599,GdZrO3,ABC3,O3
mp-1184987,KGdO3,ABC3,O3
mp-1185401,LiGdO3,ABC3,O3
mp-1187481,TlGaO3,ABC3,O3
mp-1212640,GdInO3,ABC3,O3
mp-1212778,GdInO3,ABC3,O3
mp-4819,MgGeO3,ABC3,O3
mp-505604,GdNiO3,ABC3,O3
mp-510278,GdTiO3,ABC3,O3
mp-541177,GdVO3,ABC3,O3
mp-5690,GdScO3,ABC3,O3
mp-756030,GdTmO3,ABC3,O3
mp-756224,TbGdO3,ABC3,O3
mp-756290,TbGaO3,ABC3,O3
mp-756424,GdLuO3,ABC3,O3
mp-975308,RbGdO3,ABC3,O3
mp-9834,NdGaO3,ABC3,O3
mp-1017447,HgGeO3,ABC3,O3
mp-1020631,ZnGeO3,ABC3,O3
mp-1101394,SnGeO3,ABC3,O3
mp-1106201,MnGeO3,ABC3,O3
mp-1187065,SnGeO3,ABC3,O3
mp-4575,MgGeO3,ABC3,O3
mp-553898,GePbO3,ABC3,O3
mp-554869,SrGeO3,ABC3,O3
mp-755199,VGeO3,ABC3,O3
mp-975347,NdGeO3,ABC3,O3
mp-978926,SmGeO3,ABC3,O3
mp-1016930,ZnGeO3,ABC3,O3
mp-1016999,SrGeO3,ABC3,O3
mp-1017566,GePbO3,ABC3,O3
mp-1184557,GePdO3,ABC3,O3
mp-1185514,LuGeO3,ABC3,O3
mp-1187533,TlGeO3,ABC3,O3
mp-20798,MnGeO3,ABC3,O3
mp-3047,MgGeO3,ABC3,O3
mp-643577,MnGeO3,ABC3,O3
mp-769171,SiGeO3,ABC3,O3
mp-865758,YbGeO3,ABC3,O3
mp-982558,HoGeO3,ABC3,O3
mp-1016827,MgGeO3,ABC3,O3
mp-1184641,GeTeO3,ABC3,O3
mp-1185303,LiGeO3,ABC3,O3
mp-1186133,NaGeO3,ABC3,O3
mp-1186885,RbGeO3,ABC3,O3
mp-1187655,TmGeO3,ABC3,O3
mp-17464,SrGeO3,ABC3,O3
mp-3759,MgGeO3,ABC3,O3
mp-554699,GePbO3,ABC3,O3
mp-555731,SrGeO3,ABC3,O3
mp-556216,HIO3,ABC3,O3
mp-625246,VHO3,ABC3,O3
mp-626182,SbHO3,ABC3,O3
mp-626528,NbHO3,ABC3,O3
mp-627119,VHO3,ABC3,O3
mp-769144,SnGeO3,ABC3,O3
mp-780260,TiGeO3,ABC3,O3
mp-8285,ZnGeO3,ABC3,O3
mp-981132,TbGeO3,ABC3,O3
mp-1178894,VHO3,ABC3,O3
mp-1195796,TeHO3,ABC3,O3
mp-1224772,HNO3,ABC3,O3
mp-23963,HIO3,ABC3,O3
mp-33753,TaHO3,ABC3,O3
mp-33932,NbHO3,ABC3,O3
mp-625258,VHO3,ABC3,O3
mp-625407,VHO3,ABC3,O3
mp-625630,TeHO3,ABC3,O3
mp-625657,TeHO3,ABC3,O3
mp-625856,TeHO3,ABC3,O3
mp-625913,TeHO3,ABC3,O3
mp-626218,SbHO3,ABC3,O3
mp-626536,NbHO3,ABC3,O3
mp-627684,VHO3,ABC3,O3
mp-1016819,HfZnO3,ABC3,O3
mp-1016825,HfMgO3,ABC3,O3
mp-1016841,HfHgO3,ABC3,O3
mp-1184669,HfNpO3,ABC3,O3
mp-1186747,PrHfO3,ABC3,O3
mp-1221516,MoHO3,ABC3,O3
mp-13108,SrHfO3,ABC3,O3
mp-13109,SrHfO3,ABC3,O3
mp-22535,HfPbO3,ABC3,O3
mp-22734,HfPbO3,ABC3,O3
mp-3378,SrHfO3,ABC3,O3
mp-3721,SrHfO3,ABC3,O3
mp-550908,SrHfO3,ABC3,O3
mp-625654,TeHO3,ABC3,O3
mp-627209,VHO3,ABC3,O3
mp-754657,HfMnO3,ABC3,O3
mp-755462,PrHfO3,ABC3,O3
mp-755790,HfPbO3,ABC3,O3
mp-776083,HfSnO3,ABC3,O3
mp-998227,KHfO3,ABC3,O3
mp-1016831,HgIrO3,ABC3,O3
mp-1016837,SnHgO3,ABC3,O3
mp-1016842,TiHgO3,ABC3,O3
mp-1016874,SiHgO3,ABC3,O3
mp-1016877,HgRhO3,ABC3,O3
mp-1016938,VHgO3,ABC3,O3
mp-1178219,HfNiO3,ABC3,O3
mp-1184597,HfThO3,ABC3,O3
mp-1185882,MgHgO3,ABC3,O3
mp-1186320,NpHgO3,ABC3,O3
mp-1186886,RbHgO3,ABC3,O3
mp-1187530,TlHgO3,ABC3,O3
mp-1187745,UHgO3,ABC3,O3
mp-1197269,HgNO3,ABC3,O3
mp-29188,VHgO3,ABC3,O3
mp-4551,SrHfO3,ABC3,O3
mp-4673,SrHfO3,ABC3,O3
mp-542289,HgNO3,ABC3,O3
mp-557224,HgSeO3,ABC3,O3
mp-669414,HfPbO3,ABC3,O3
mp-780387,YbHfO3,ABC3,O3
mp-1016840,HgOsO3,ABC3,O3
mp-1016851,HgRuO3,ABC3,O3
mp-1016871,ZrHgO3,ABC3,O3
mp-10798,HgSeO3,ABC3,O3
mp-1080187,MnHgO3,ABC3,O3
mp-1178178,HoTmO3,ABC3,O3
mp-1184813,HoSiO3,ABC3,O3
mp-1184944,KHoO3,ABC3,O3
mp-1186395,PaHgO3,ABC3,O3
mp-1207180,HoSbO3,ABC3,O3
mp-13554,SnHgO3,ABC3,O3
mp-18974,HoNiO3,ABC3,O3
mp-19024,HoVO3,ABC3,O3
mp-19056,HoMnO3,ABC3,O3
mp-22081,HoMnO3,ABC3,O3
mp-28318,HgTeO3,ABC3,O3
mp-755236,HoTiO3,ABC3,O3
mp-7607,TiHgO3,ABC3,O3
mp-768267,HoInO3,ABC3,O3
mp-768889,YHoO3,ABC3,O3
mp-770413,LaHoO3,ABC3,O3
mp-770472,HoLuO3,ABC3,O3
mp-776984,HoInO3,ABC3,O3
mp-9228,HgSeO3,ABC3,O3
mp-971975,SrHgO3,ABC3,O3
mp-971996,SrHoO3,ABC3,O3
mp-973818,LiHoO3,ABC3,O3
mp-975296,RbHoO3,ABC3,O3
mp-1080052,LiIO3,ABC3,O3
mp-1080058,KIO3,ABC3,O3
mp-1080184,LaIO3,ABC3,O3
mp-1180816,KIO3,ABC3,O3
mp-1181075,INO3,ABC3,O3
mp-1184833,HoRhO3,ABC3,O3
mp-1193069,HoMnO3,ABC3,O3
mp-1200675,KIO3,ABC3,O3
mp-1212108,HoRhO3,ABC3,O3
mp-22955,LiIO3,ABC3,O3
mp-22981,TlIO3,ABC3,O3
mp-22989,NaIO3,ABC3,O3
mp-22994,LiIO3,ABC3,O3
mp-27193,RbIO3,ABC3,O3
mp-31121,HoScO3,ABC3,O3
mp-545343,LiIO3,ABC3,O3
mp-545825,NaIO3,ABC3,O3
mp-546200,TlIO3,ABC3,O3
mp-552729,KIO3,ABC3,O3
mp-555562,LiIO3,ABC3,O3
mp-558843,KIO3,ABC3,O3
mp-754661,INO3,ABC3,O3
mp-755717,SmHoO3,ABC3,O3
mp-755740,TbHoO3,ABC3,O3
mp-756166,LaHoO3,ABC3,O3
mp-973977,HoSnO3,ABC3,O3
mp-1101263,TmInO3,ABC3,O3
mp-1184751,InSiO3,ABC3,O3
mp-1184765,InSbO3,ABC3,O3
mp-1186316,NdInO3,ABC3,O3
mp-1186597,PmInO3,ABC3,O3
mp-1187260,TaInO3,ABC3,O3
mp-1193141,MnInO3,ABC3,O3
mp-1223446,KIO3,ABC3,O3
mp-23384,LiIO3,ABC3,O3
mp-23487,KIO3,ABC3,O3
mp-504607,YInO3,ABC3,O3
mp-559252,NaIO3,ABC3,O3
mp-752437,SmInO3,ABC3,O3
mp-755138,NdInO3,ABC3,O3
mp-769263,TbInO3,ABC3,O3
mp-974734,KInO3,ABC3,O3
mp-1105819,InRhO3,ABC3,O3
mp-11623,LaInO3,ABC3,O3
mp-1184773,InPtO3,ABC3,O3
mp-1184799,InOsO3,ABC3,O3
mp-1185889,MgInO3,ABC3,O3
mp-1186138,NaInO3,ABC3,O3
mp-1186797,PuInO3,ABC3,O3
mp-1187569,YbInO3,ABC3,O3
mp-1193780,MnInO3,ABC3,O3
mp-1203220,InRhO3,ABC3,O3
mp-1212207,InRhO3,ABC3,O3
mp-550807,MnInO3,ABC3,O3
mp-768358,ScInO3,ABC3,O3
mp-972021,SrInO3,ABC3,O3
mp-975299,RbInO3,ABC3,O3
mp-1016826,MgIrO3,ABC3,O3
mp-1016848,SrIrO3,ABC3,O3
mp-1016926,ZnIrO3,ABC3,O3
mp-1079568,NaIrO3,ABC3,O3
mp-1187781,UIrO3,ABC3,O3
mp-1193907,SrIrO3,ABC3,O3
mp-17097,SrIrO3,ABC3,O3
mp-639811,KIrO3,ABC3,O3
mp-972116,VIrO3,ABC3,O3
mp-975284,RbIrO3,ABC3,O3
mp-975596,PuIrO3,ABC3,O3
mp-1040469,KMoO3,ABC3,O3
mp-1076633,KVO3,ABC3,O3
mp-1180658,KTiO3,ABC3,O3
mp-1180714,KSbO3,ABC3,O3
mp-1184945,KYO3,ABC3,O3
mp-1184946,KZnO3,ABC3,O3
mp-1184948,KMnO3,ABC3,O3
mp-1184950,KZrO3,ABC3,O3
mp-1184957,KRbO3,ABC3,O3
mp-1184960,KMgO3,ABC3,O3
mp-1185015,KNpO3,ABC3,O3
mp-1196581,KPO3,ABC3,O3
mp-1199261,KSiO3,ABC3,O3
mp-1206970,KPaO3,ABC3,O3
mp-1223439,KPO3,ABC3,O3
mp-13981,KPO3,ABC3,O3
mp-18815,KVO3,ABC3,O3
mp-3614,KTaO3,ABC3,O3
mp-36903,KNO3,ABC3,O3
mp-5039,KPO3,ABC3,O3
mp-5158,KNO3,ABC3,O3
mp-547792,KSbO3,ABC3,O3
mp-557880,KPO3,ABC3,O3
mp-672644,KNO3,ABC3,O3
mp-675625,KNO3,ABC3,O3
mp-675976,KPO3,ABC3,O3
mp-676851,KNO3,ABC3,O3
mp-6920,KNO3,ABC3,O3
mp-7375,KNbO3,ABC3,O3
mp-760376,KTiO3,ABC3,O3
mp-863708,KPuO3,ABC3,O3
mp-935811,KNbO3,ABC3,O3
mp-9475,KNO3,ABC3,O3
mp-972985,KPdO3,ABC3,O3
mp-973267,KTcO3,ABC3,O3
mp-973958,KRuO3,ABC3,O3
mp-973960,KScO3,ABC3,O3
mp-973968,KNaO3,ABC3,O3
mp-974061,KSiO3,ABC3,O3
mp-974842,KPtO3,ABC3,O3
mp-975134,KRhO3,ABC3,O3
mp-984454,KTlO3,ABC3,O3
mp-1020193,KNO3,ABC3,O3
mp-1040472,KWO3,ABC3,O3
mp-1075921,LaNiO3,ABC3,O3
mp-1096800,LaScO3,ABC3,O3
mp-1180700,LaMnO3,ABC3,O3
mp-1184935,KPbO3,ABC3,O3
mp-1184939,KLiO3,ABC3,O3
mp-1184940,KTeO3,ABC3,O3
mp-1184941,KLuO3,ABC3,O3
mp-1184949,KTmO3,ABC3,O3
mp-1184953,KYbO3,ABC3,O3
mp-1184959,KSrO3,ABC3,O3
mp-1185009,KOsO3,ABC3,O3
mp-1185084,LaPtO3,ABC3,O3
mp-1185357,LiLaO3,ABC3,O3
mp-1198795,KSiO3,ABC3,O3
mp-1273223,LaMnO3,ABC3,O3
mp-1278230,LaMnO3,ABC3,O3
mp-1278693,LaMnO3,ABC3,O3
mp-1281528,LaMnO3,ABC3,O3
mp-1296868,LaMnO3,ABC3,O3
mp-13374,LaTmO3,ABC3,O3
mp-14607,KSbO3,ABC3,O3
mp-16293,KSbO3,ABC3,O3
mp-19025,LaMnO3,ABC3,O3
mp-19157,LaMnO3,ABC3,O3
mp-19168,LaMnO3,ABC3,O3
mp-20472,LaRuO3,ABC3,O3
mp-22220,LaLuO3,ABC3,O3
mp-4126,KUO3,ABC3,O3
mp-4342,KNbO3,ABC3,O3
mp-5163,LaRhO3,ABC3,O3
mp-5246,KNbO3,ABC3,O3
mp-541581,KSO3,ABC3,O3
mp-557985,KPO3,ABC3,O3
mp-558546,KSO3,ABC3,O3
mp-635067,KSbO3,ABC3,O3
mp-645158,LaMnO3,ABC3,O3
mp-695836,KSbO3,ABC3,O3
mp-778450,LaSmO3,ABC3,O3
mp-973471,KReO3,ABC3,O3
mp-981313,KTbO3,ABC3,O3
mp-10429,LaYO3,ABC3,O3
mp-1184964,LaMgO3,ABC3,O3
mp-1184965,LaZnO3,ABC3,O3
mp-1185065,LaZrO3,ABC3,O3
mp-1185122,LaSnO3,ABC3,O3
mp-1205375,LaMnO3,ABC3,O3
mp-1239192,LaTaO3,ABC3,O3
mp-1273891,LaMnO3,ABC3,O3
mp-1280984,LaMnO3,ABC3,O3
mp-1281638,LaMnO3,ABC3,O3
mp-1284950,LaNiO3,ABC3,O3
mp-1298361,LaNiO3,ABC3,O3
mp-1298975,LaMnO3,ABC3,O3
mp-16415,LaPdO3,ABC3,O3
mp-17554,LaMnO3,ABC3,O3
mp-19053,LaVO3,ABC3,O3
mp-19339,LaNiO3,ABC3,O3
mp-19350,LaVO3,ABC3,O3
mp-22013,LaTiO3,ABC3,O3
mp-22530,LaYbO3,ABC3,O3
mp-29257,LaTlO3,ABC3,O3
mp-31116,LaScO3,ABC3,O3
mp-566602,LaMnO3,ABC3,O3
mp-674361,LiNbO3,ABC3,O3
mp-8020,LaTiO3,ABC3,O3
mp-1176521,LiVO3,ABC3,O3
mp-1185263,LiPaO3,ABC3,O3
mp-1185420,LiRuO3,ABC3,O3
mp-1187183,SrLiO3,ABC3,O3
mp-1211104,LiSeO3,ABC3,O3
mp-19373,LiVO3,ABC3,O3
mp-3666,LiTaO3,ABC3,O3
mp-4995,LiSbO3,ABC3,O3
mp-686057,LiNbO3,ABC3,O3
mp-754345,LiTaO3,ABC3,O3
mp-755559,LiNbO3,ABC3,O3
mp-770932,LiSbO3,ABC3,O3
mp-776108,LiNbO3,ABC3,O3
mp-976331,LiLuO3,ABC3,O3
mp-1078358,LiOsO3,ABC3,O3
mp-1078377,LiNbO3,ABC3,O3
mp-1094130,LiNO3,ABC3,O3
mp-1185356,LiMgO3,ABC3,O3
mp-1185417,LiYbO3,ABC3,O3
mp-685413,LiNbO3,ABC3,O3
mp-696822,LiNO3,ABC3,O3
mp-752636,LiSbO3,ABC3,O3
mp-756951,LiSbO3,ABC3,O3
mp-8007,LiUO3,ABC3,O3
mp-8189,LiReO3,ABC3,O3
mp-973136,LiSmO3,ABC3,O3
mp-975990,NaLiO3,ABC3,O3
mp-1078188,LiOsO3,ABC3,O3
mp-1105280,LiTaO3,ABC3,O3
mp-1105326,LiTaO3,ABC3,O3
mp-1185236,LiTmO3,ABC3,O3
mp-1185261,LiNiO3,ABC3,O3
mp-1185388,LiPmO3,ABC3,O3
mp-1185404,LiPrO3,ABC3,O3
mp-1185414,LiSiO3,ABC3,O3
mp-1202801,LiPO3,ABC3,O3
mp-19440,LiVO3,ABC3,O3
mp-29195,LiPO3,ABC3,O3
mp-552588,LiNbO3,ABC3,O3
mp-557189,LiPO3,ABC3,O3
mp-675069,LiNbO3,ABC3,O3
mp-755231,LiTeO3,ABC3,O3
mp-760701,LiNbO3,ABC3,O3
mp-763200,LiVO3,ABC3,O3
mp-8180,LiNO3,ABC3,O3
mp-862870,LiTcO3,ABC3,O3
mp-976283,LiYO3,ABC3,O3
mp-1185387,LiNdO3,ABC3,O3
mp-19327,LuNiO3,ABC3,O3
mp-21125,LuMnO3,ABC3,O3
mp-21872,PrLuO3,ABC3,O3
mp-3731,LiNbO3,ABC3,O3
mp-545712,LiUO3,ABC3,O3
mp-676694,LiNbO3,ABC3,O3
mp-754098,LiVO3,ABC3,O3
mp-754226,YLuO3,ABC3,O3
mp-754231,LuTiO3,ABC3,O3
mp-768293,LuSeO3,ABC3,O3
mp-772180,LuScO3,ABC3,O3
mp-776593,LuScO3,ABC3,O3
mp-973486,LuVO3,ABC3,O3
mp-973681,LuRhO3,ABC3,O3
mp-975291,RbLiO3,ABC3,O3
mp-1016820,MgSnO3,ABC3,O3
mp-1016843,MgOsO3,ABC3,O3
mp-1017000,MgZrO3,ABC3,O3
mp-1020115,MgSiO3,ABC3,O3
mp-1020124,MgSiO3,ABC3,O3
mp-1020125,MgSiO3,ABC3,O3
mp-1020361,MgSiO3,ABC3,O3
mp-1101170,YLuO3,ABC3,O3
mp-1101371,SmLuO3,ABC3,O3
mp-1105866,LuNiO3,ABC3,O3
mp-1176491,MgSnO3,ABC3,O3
mp-1180468,MgSiO3,ABC3,O3
mp-1185490,LuPdO3,ABC3,O3
mp-1185498,LuNpO3,ABC3,O3
mp-1185529,LuReO3,ABC3,O3
mp-1186600,PmMgO3,ABC3,O3
mp-1195746,MgSiO3,ABC3,O3
mp-1196002,MgSiO3,ABC3,O3
mp-1205366,LuRhO3,ABC3,O3
mp-1209937,NdLuO3,ABC3,O3
mp-12271,MgSeO3,ABC3,O3
mp-18808,LuMnO3,ABC3,O3
mp-3547,MgSiO3,ABC3,O3
mp-530986,MgSiO3,ABC3,O3
mp-556940,MgSiO3,ABC3,O3
mp-5924,MgSiO3,ABC3,O3
mp-642209,MgSiO3,ABC3,O3
mp-642210,MgSiO3,ABC3,O3
mp-642228,MgSiO3,ABC3,O3
mp-644879,MgSiO3,ABC3,O3
mp-657336,MgSiO3,ABC3,O3
mp-657338,MgSiO3,ABC3,O3
mp-754145,TbLuO3,ABC3,O3
mp-754597,LuTlO3,ABC3,O3
mp-755583,LuVO3,ABC3,O3
mp-769322,MgSO3,ABC3,O3
mp-772412,MgSiO3,ABC3,O3
mp-973536,LuUO3,ABC3,O3
mp-973655,LuSiO3,ABC3,O3
mvc-15888,MgVO3,ABC3,O3
mvc-3783,MgTiO3,ABC3,O3
mvc-5801,MgWO3,ABC3,O3
mp-1016829,MgRuO3,ABC3,O3
mp-1016830,MgTiO3,ABC3,O3
mp-1016886,MgVO3,ABC3,O3
mp-1016928,MgSiO3,ABC3,O3
mp-1016929,MgRhO3,ABC3,O3
mp-1020117,MgSiO3,ABC3,O3
mp-1020118,MgSiO3,ABC3,O3
mp-1020123,MgSiO3,ABC3,O3
mp-1079330,MgVO3,ABC3,O3
mp-1185612,MgZnO3,ABC3,O3
mp-1185613,MgTlO3,ABC3,O3
mp-1185941,MgReO3,ABC3,O3
mp-1186787,PuMgO3,ABC3,O3
mp-1187182,SrMgO3,ABC3,O3
mp-1187347,TbMgO3,ABC3,O3
mp-27186,MgVO3,ABC3,O3
mp-3470,MgSiO3,ABC3,O3
mp-3771,MgTiO3,ABC3,O3
mp-4321,MgSiO3,ABC3,O3
mp-4391,MgSiO3,ABC3,O3
mp-5026,MgSiO3,ABC3,O3
mp-557803,MgSiO3,ABC3,O3
mp-5834,MgSiO3,ABC3,O3
mp-603907,MgSiO3,ABC3,O3
mp-603930,MgSiO3,ABC3,O3
mp-769348,MgSnO3,ABC3,O3
mp-769397,MgSO3,ABC3,O3
mp-770581,MgMnO3,ABC3,O3
mp-972160,YbMgO3,ABC3,O3
mp-975521,NdMgO3,ABC3,O3
mp-976446,MgMnO3,ABC3,O3
mp-976722,MgPbO3,ABC3,O3
mp-976775,NaMgO3,ABC3,O3
mvc-13644,MgSbO3,ABC3,O3
mp-1017466,SrMnO3,ABC3,O3
mp-1075973,SmMnO3,ABC3,O3
mp-1106224,MnVO3,ABC3,O3
mp-1106337,MnPbO3,ABC3,O3
mp-1176417,MnTeO3,ABC3,O3
mp-1185614,MgUO3,ABC3,O3
mp-1185896,MgMoO3,ABC3,O3
mp-1186884,RbMgO3,ABC3,O3
mp-1193101,SrMnO3,ABC3,O3
mp-1199914,MnSeO3,ABC3,O3
mp-1256030,MgSiO3,ABC3,O3
mp-1311921,MnTlO3,ABC3,O3
mp-19385,YMnO3,ABC3,O3
mp-22055,TbMnO3,ABC3,O3
mp-545348,MgVO3,ABC3,O3
mp-554137,MgSiO3,ABC3,O3
mp-556925,TiMnO3,ABC3,O3
mp-5945,MnSiO3,ABC3,O3
mp-642216,MgSiO3,ABC3,O3
mp-647680,MnSiO3,ABC3,O3
mp-691106,MnSnO3,ABC3,O3
mp-743867,TiMnO3,ABC3,O3
mp-754513,ZrMnO3,ABC3,O3
mp-769347,MgSO3,ABC3,O3
mp-770618,MgMnO3,ABC3,O3
mp-770870,MnTlO3,ABC3,O3
mp-975346,RbMnO3,ABC3,O3
mvc-15602,MgSbO3,ABC3,O3
mvc-15644,MgMoO3,ABC3,O3
mvc-5026,MgWO3,ABC3,O3
mp-1016932,MnZnO3,ABC3,O3
mp-1180172,MnSiO3,ABC3,O3
mp-1189476,NdMnO3,ABC3,O3
mp-1202364,MnSeO3,ABC3,O3
mp-1218206,SrMnO3,ABC3,O3
mp-1310374,MnSiO3,ABC3,O3
mp-17766,MnSiO3,ABC3,O3
mp-18954,ScMnO3,ABC3,O3
mp-19331,MnNiO3,ABC3,O3
mp-20569,MnSnO3,ABC3,O3
mp-20699,YMnO3,ABC3,O3
mp-22518,YbMnO3,ABC3,O3
mp-27818,MnSO3,ABC3,O3
mp-37214,MnPbO3,ABC3,O3
mp-510672,MnPbO3,ABC3,O3
mp-532143,MnSiO3,ABC3,O3
mp-554211,TmMnO3,ABC3,O3
mp-554270,TmMnO3,ABC3,O3
mp-560199,MnSiO3,ABC3,O3
mp-754980,ZrMnO3,ABC3,O3
mp-768374,MnTlO3,ABC3,O3
mp-768432,MnTlO3,ABC3,O3
mp-772528,MnZnO3,ABC3,O3
mvc-10883,YMnO3,ABC3,O3
mp-1105811,ScMnO3,ABC3,O3
mp-1172857,MnSiO3,ABC3,O3
mp-1182197,NdMnO3,ABC3,O3
mp-1187247,SrMoO3,ABC3,O3
mp-1210642,MnTeO3,ABC3,O3
mp-1210723,MnPO3,ABC3,O3
mp-19001,SrMnO3,ABC3,O3
mp-19082,TiMnO3,ABC3,O3
mp-19227,YMnO3,ABC3,O3
mp-19356,YbMnO3,ABC3,O3
mp-19376,TiMnO3,ABC3,O3
mp-20852,NdMnO3,ABC3,O3
mp-22203,SmMnO3,ABC3,O3
mp-22224,MnSeO3,ABC3,O3
mp-22564,PrMnO3,ABC3,O3
mp-559975,SrMnO3,ABC3,O3
mp-560522,MnSO3,ABC3,O3
mp-753819,MnTlO3,ABC3,O3
mp-754318,MnZnO3,ABC3,O3
mvc-15452,YMoO3,ABC3,O3
mvc-4002,ZnMoO3,ABC3,O3
mp-1040471,NaMoO3,ABC3,O3
mp-1186106,MoPbO3,ABC3,O3
mp-1186334,NpMoO3,ABC3,O3
mp-1186997,SiMoO3,ABC3,O3
mp-1187460,ThMoO3,ABC3,O3
mp-1542758,SrMoO3,ABC3,O3
mp-18747,SrMoO3,ABC3,O3
mp-975292,RbMoO3,ABC3,O3
mp-977100,NiMoO3,ABC3,O3
mp-998627,NaMoO3,ABC3,O3
mvc-14154,YMoO3,ABC3,O3
mvc-3769,YMoO3,ABC3,O3
mp-1078716,SrMoO3,ABC3,O3
mp-1178820,VNO3,ABC3,O3
mp-1179877,PNO3,ABC3,O3
mp-1198920,SNO3,ABC3,O3
mp-1220986,NaNO3,ABC3,O3
mp-4531,NaNO3,ABC3,O3
mp-557704,TlNO3,ABC3,O3
mp-5915,TlNO3,ABC3,O3
mp-614951,RbNO3,ABC3,O3
mp-662551,TlNO3,ABC3,O3
mvc-3559,YMoO3,ABC3,O3
mp-1179819,PNO3,ABC3,O3
mp-1197085,PNO3,ABC3,O3
mp-1200596,PNO3,ABC3,O3
mp-13658,RbNO3,ABC3,O3
mp-38220,RbNO3,ABC3,O3
mp-674297,NaNO3,ABC3,O3
mp-752446,RbNO3,ABC3,O3
mp-1040464,NaOsO3,ABC3,O3
mp-1099591,NaVO3,ABC3,O3
mp-1173585,NaNO3,ABC3,O3
mp-1180211,NaZnO3,ABC3,O3
mp-1186154,NaNiO3,ABC3,O3
mp-1186199,NaYbO3,ABC3,O3
mp-1198142,NaNbO3,ABC3,O3
mp-19083,NaVO3,ABC3,O3
mp-20011,NaSbO3,ABC3,O3
mp-22212,NaSbO3,ABC3,O3
mp-3671,NaNbO3,ABC3,O3
mp-3858,NaTaO3,ABC3,O3
mp-4170,NaTaO3,ABC3,O3
mp-4482,NaSbO3,ABC3,O3
mp-4514,NaNbO3,ABC3,O3
mp-4681,NaNbO3,ABC3,O3
mp-4699,NaTaO3,ABC3,O3
mp-4748,NaNbO3,ABC3,O3
mp-5073,RbNO3,ABC3,O3
mp-555665,NaVO3,ABC3,O3
mp-559354,NaNbO3,ABC3,O3
mp-5788,NaUO3,ABC3,O3
mp-648072,NaPO3,ABC3,O3
mp-676280,NaTaO3,ABC3,O3
mp-975274,RbNaO3,ABC3,O3
mp-976923,NaReO3,ABC3,O3
mp-976968,NaPdO3,ABC3,O3
mp-977107,NaRuO3,ABC3,O3
mp-977117,NaTeO3,ABC3,O3
mp-977123,NaTiO3,ABC3,O3
mp-977176,NaTcO3,ABC3,O3
mp-998624,NaOsO3,ABC3,O3
mp-1078295,NaNbO3,ABC3,O3
mp-1101657,NaVO3,ABC3,O3
mp-1105218,NaOsO3,ABC3,O3
mp-1105765,NaNbO3,ABC3,O3
mp-1180453,NaSeO3,ABC3,O3
mp-1186153,NaPbO3,ABC3,O3
mp-1186167,NaSiO3,ABC3,O3
mp-1186198,NaZnO3,ABC3,O3
mp-1190015,NaNbO3,ABC3,O3
mp-1194823,NaNbO3,ABC3,O3
mp-1195803,NaNbO3,ABC3,O3
mp-1197679,NaSeO3,ABC3,O3
mp-1199037,NaNbO3,ABC3,O3
mp-1199593,NaNbO3,ABC3,O3
mp-1203293,NaNbO3,ABC3,O3
mp-19328,NaWO3,ABC3,O3
mp-3136,NaNbO3,ABC3,O3
mp-4419,NaNbO3,ABC3,O3
mp-4675,NaTaO3,ABC3,O3
mp-4734,NaPO3,ABC3,O3
mp-555118,NaPO3,ABC3,O3
mp-558192,NaPO3,ABC3,O3
mp-558920,NaNbO3,ABC3,O3
mp-648053,NaPO3,ABC3,O3
mp-752755,NaSbO3,ABC3,O3
mp-754818,NaTaO3,ABC3,O3
mp-757636,NbTlO3,ABC3,O3
mp-760994,NaSbO3,ABC3,O3
mp-763901,NaVO3,ABC3,O3
mp-864891,NaPO3,ABC3,O3
mp-865120,NaPaO3,ABC3,O3
mp-976952,NaPuO3,ABC3,O3
mp-977112,NaSrO3,ABC3,O3
mp-10339,SrNbO3,ABC3,O3
mp-1075911,RbNbO3,ABC3,O3
mp-1101462,NbTlO3,ABC3,O3
mp-1101702,NdZrO3,ABC3,O3
mp-1186312,NdNpO3,ABC3,O3
mp-1186326,NdReO3,ABC3,O3
mp-1187578,YbNbO3,ABC3,O3
mp-1206341,NdSbO3,ABC3,O3
mp-19253,NdVO3,ABC3,O3
mp-22106,NdNiO3,ABC3,O3
mp-31117,NdScO3,ABC3,O3
mp-3119,NdTiO3,ABC3,O3
mp-3283,RbNbO3,ABC3,O3
mp-4582,NdRhO3,ABC3,O3
mp-541129,NdVO3,ABC3,O3
mp-7006,SrNbO3,ABC3,O3
mp-756063,RbNbO3,ABC3,O3
mp-756246,NdZrO3,ABC3,O3
mp-771131,NdZrO3,ABC3,O3
mp-975913,PrNbO3,ABC3,O3
mp-977408,NbTlO3,ABC3,O3
mp-1101333,SrNdO3,ABC3,O3
mp-1101421,SrNiO3,ABC3,O3
mp-1106304,TmNiO3,ABC3,O3
mp-1186324,NdTaO3,ABC3,O3
mp-1186345,NiPdO3,ABC3,O3
mp-1187352,TbNiO3,ABC3,O3
mp-1188081,PuNiO3,ABC3,O3
mp-1209979,NiTeO3,ABC3,O3
mp-1273627,VNiO3,ABC3,O3
mp-1281591,SrNiO3,ABC3,O3
mp-1291939,SrNiO3,ABC3,O3
mp-1299294,SrNiO3,ABC3,O3
mp-18001,TlNiO3,ABC3,O3
mp-18732,TiNiO3,ABC3,O3
mp-19170,PrNiO3,ABC3,O3
mp-19242,YNiO3,ABC3,O3
mp-22280,PrNiO3,ABC3,O3
mp-22495,SmNiO3,ABC3,O3
mp-690546,TiNiO3,ABC3,O3
mp-754654,NiSnO3,ABC3,O3
mp-755865,TbNiO3,ABC3,O3
mp-998845,TlNiO3,ABC3,O3
mvc-15448,YNiO3,ABC3,O3
mvc-3773,YNiO3,ABC3,O3
mp-1078668,NiPbO3,ABC3,O3
mp-1097917,TlNiO3,ABC3,O3
mp-1099583,SmTiO3,ABC3,O3
mp-1099668,SmNiO3,ABC3,O3
mp-1178989,TlNiO3,ABC3,O3
mp-1186112,NiPtO3,ABC3,O3
mp-1186113,NiSbO3,ABC3,O3
mp-1186329,NpRuO3,ABC3,O3
mp-1186346,NpSnO3,ABC3,O3
mp-1186349,NpSiO3,ABC3,O3
mp-1186357,NpTaO3,ABC3,O3
mp-1187595,YbNiO3,ABC3,O3
mp-1187621,TlWO3,ABC3,O3
mp-1188025,ZrNiO3,ABC3,O3
mp-1206033,VNiO3,ABC3,O3
mp-19002,TmNiO3,ABC3,O3
mp-19249,YbNiO3,ABC3,O3
mp-20460,NiSeO3,ABC3,O3
mp-531689,TiNiO3,ABC3,O3
mp-572987,NiSeO3,ABC3,O3
mp-675030,TiNiO3,ABC3,O3
mp-698587,TiNiO3,ABC3,O3
mp-762506,SrNiO3,ABC3,O3
mp-768479,YScO3,ABC3,O3
mp-770347,TbNiO3,ABC3,O3
mp-850194,TiNiO3,ABC3,O3
mp-973919,NpOsO3,ABC3,O3
mp-974108,NiPbO3,ABC3,O3
mp-975288,RbNpO3,ABC3,O3
mp-975373,RbNiO3,ABC3,O3
mp-976848,NiRuO3,ABC3,O3
mp-977152,NpTiO3,ABC3,O3
mp-977184,NpTcO3,ABC3,O3
mp-998781,TlNiO3,ABC3,O3
mvc-14342,YNiO3,ABC3,O3
mvc-4008,ZnNiO3,ABC3,O3
mp-1020623,ZnSiO3,ABC3,O3
mp-1040467,RbOsO3,ABC3,O3
mp-1070440,VPbO3,ABC3,O3
mp-1078329,ZnPbO3,ABC3,O3
mp-1078830,RbSeO3,ABC3,O3
mp-1183043,ZrSiO3,ABC3,O3
mp-1186799,PuPbO3,ABC3,O3
mp-1186893,RbSnO3,ABC3,O3
mp-1186948,SbPbO3,ABC3,O3
mp-1187191,SrScO3,ABC3,O3
mp-1187364,TbSiO3,ABC3,O3
mp-1187480,YbPtO3,ABC3,O3
mp-1187493,YbScO3,ABC3,O3
mp-1187557,TmScO3,ABC3,O3
mp-1187797,YbZnO3,ABC3,O3
mp-1187862,YSiO3,ABC3,O3
mp-1206840,SrRhO3,ABC3,O3
mp-1206844,RbPaO3,ABC3,O3
mp-16819,ZnTeO3,ABC3,O3
mp-18883,YVO3,ABC3,O3
mp-20459,TiPbO3,ABC3,O3
mp-21723,SiPbO3,ABC3,O3
mp-27144,TlPO3,ABC3,O3
mp-3033,RbTaO3,ABC3,O3
mp-3317,SmRhO3,ABC3,O3
mp-3978,SrSiO3,ABC3,O3
mp-4355,YTiO3,ABC3,O3
mp-551830,SrTiO3,ABC3,O3
mp-555021,TePbO3,ABC3,O3
mp-561465,TlSbO3,ABC3,O3
mp-5692,TbRhO3,ABC3,O3
mp-630329,PbSeO3,ABC3,O3
mp-647557,ZrPbO3,ABC3,O3
mp-662523,SrTeO3,ABC3,O3
mp-667421,SrTeO3,ABC3,O3
mp-676262,TaTlO3,ABC3,O3
mp-755018,RbTaO3,ABC3,O3
mp-755258,TmVO3,ABC3,O3
mp-755685,SmYO3,ABC3,O3
mp-766243,YZrO3,ABC3,O3
mp-776439,SmTmO3,ABC3,O3
mp-865218,YbTiO3,ABC3,O3
mp-972184,VPtO3,ABC3,O3
mp-972296,ZrOsO3,ABC3,O3
mp-975159,RbZnO3,ABC3,O3
mp-975173,RbYO3,ABC3,O3
mp-975190,RbTeO3,ABC3,O3
mp-975588,PuPtO3,ABC3,O3
mp-978489,SiPbO3,ABC3,O3
mp-978506,SmSiO3,ABC3,O3
mp-978952,SnPbO3,ABC3,O3
mp-980058,RbTbO3,ABC3,O3
mvc-14687,YSbO3,ABC3,O3
mvc-14740,YSbO3,ABC3,O3
mvc-3431,YTiO3,ABC3,O3
mvc-5731,ZnWO3,ABC3,O3
mp-1017439,SrSiO3,ABC3,O3
mp-1020622,SrZrO3,ABC3,O3
mp-1080575,SrZrO3,ABC3,O3
mp-1101375,ScTiO3,ABC3,O3
mp-1105153,SrOsO3,ABC3,O3
mp-1179733,RbPO3,ABC3,O3
mp-1183044,ZrTlO3,ABC3,O3
mp-1186404,PaOsO3,ABC3,O3
mp-1186888,RbPuO3,ABC3,O3
mp-1186993,ScSiO3,ABC3,O3
mp-1187425,ThSiO3,ABC3,O3
mp-1187479,YbTaO3,ABC3,O3
mp-1187488,TiTeO3,ABC3,O3
mp-1187529,TlSiO3,ABC3,O3
mp-1188225,SmVO3,ABC3,O3
mp-1188414,SrTcO3,ABC3,O3
mp-12631,SrTcO3,ABC3,O3
mp-13334,ZnSnO3,ABC3,O3
mp-18717,SrVO3,ABC3,O3
mp-19031,RbVO3,ABC3,O3
mp-19845,TiPbO3,ABC3,O3
mp-20507,PbSO3,ABC3,O3
mp-20702,SmVO3,ABC3,O3
mp-20716,PbSeO3,ABC3,O3
mp-21190,PbSO3,ABC3,O3
mp-31118,SmScO3,ABC3,O3
mp-4682,ZnSeO3,ABC3,O3
mp-5076,SrZrO3,ABC3,O3
mp-635713,TiZnO3,ABC3,O3
mp-647158,SrTeO3,ABC3,O3
mp-752429,ScTlO3,ABC3,O3
mp-752596,YbSmO3,ABC3,O3
mp-753164,YbTiO3,ABC3,O3
mp-754608,VSiO3,ABC3,O3
mp-754696,PrTiO3,ABC3,O3
mp-755525,TmTiO3,ABC3,O3
mp-755798,ZrPbO3,ABC3,O3
mp-756118,TbSmO3,ABC3,O3
mp-768353,YTmO3,ABC3,O3
mp-768409,TbTiO3,ABC3,O3
mp-769404,YSeO3,ABC3,O3
mp-776018,SrTiO3,ABC3,O3
mp-8074,TaSnO3,ABC3,O3
mp-867195,SrOsO3,ABC3,O3
mp-9138,RbPO3,ABC3,O3
mp-972117,SrTeO3,ABC3,O3
mp-975138,RbWO3,ABC3,O3
mp-981376,ScSnO3,ABC3,O3
mp-981550,RbTmO3,ABC3,O3
mp-983513,PmRuO3,ABC3,O3
mvc-11152,YSbO3,ABC3,O3
mvc-11730,YVO3,ABC3,O3
mvc-15767,YSnO3,ABC3,O3
mp-1016876,ZnSiO3,ABC3,O3
mp-1016880,ZnRhO3,ABC3,O3
mp-1016883,ZrZnO3,ABC3,O3
mp-1016931,VZnO3,ABC3,O3
mp-1017441,SrRhO3,ABC3,O3
mp-1076638,RbVO3,ABC3,O3
mp-1078470,TiZnO3,ABC3,O3
mp-1079334,SrTcO3,ABC3,O3
mp-1101279,TmTlO3,ABC3,O3
mp-1101720,SnPbO3,ABC3,O3
mp-1179112,SrRuO3,ABC3,O3
mp-1186669,PmWO3,ABC3,O3
mp-1186755,SrTaO3,ABC3,O3
mp-1186756,SrYbO3,ABC3,O3
mp-1186757,SrZnO3,ABC3,O3
mp-1186758,SrTmO3,ABC3,O3
mp-1186801,PuSbO3,ABC3,O3
mp-1186927,SbPdO3,ABC3,O3
mp-1187190,SrPdO3,ABC3,O3
mp-1187202,SrPtO3,ABC3,O3
mp-1187359,TbOsO3,ABC3,O3
mp-1187389,TbVO3,ABC3,O3
mp-1187400,TcSnO3,ABC3,O3
mp-1187515,YbSnO3,ABC3,O3
mp-1187535,YbReO3,ABC3,O3
mp-1187767,USiO3,ABC3,O3
mp-1187779,UReO3,ABC3,O3
mp-1188449,ScRhO3,ABC3,O3
mp-1195541,PPbO3,ABC3,O3
mp-1206846,SrRhO3,ABC3,O3
mp-1207172,SrPuO3,ABC3,O3
mp-1207179,SmSbO3,ABC3,O3
mp-1207518,YbRhO3,ABC3,O3
mp-1207533,YbPrO3,ABC3,O3
mp-1207629,YRhO3,ABC3,O3
mp-1207852,VSnO3,ABC3,O3
mp-1208626,SrRhO3,ABC3,O3
mp-1209729,PuVO3,ABC3,O3
mp-1215965,YZrO3,ABC3,O3
mp-21898,SrTbO3,ABC3,O3
mp-22330,TlVO3,ABC3,O3
mp-22390,SrRuO3,ABC3,O3
mp-22416,SmTiO3,ABC3,O3
mp-22534,SrRuO3,ABC3,O3
mp-31119,TbScO3,ABC3,O3
mp-3323,SrZrO3,ABC3,O3
mp-4346,SrRuO3,ABC3,O3
mp-4789,PrRhO3,ABC3,O3
mp-5229,SrTiO3,ABC3,O3
mp-555098,SrSeO3,ABC3,O3
mp-562182,ZnSiO3,ABC3,O3
mp-611033,SrRuO3,ABC3,O3
mp-753948,PrTiO3,ABC3,O3
mp-753995,YTmO3,ABC3,O3
mp-754225,YbTiO3,ABC3,O3
mp-756933,TaTlO3,ABC3,O3
mp-780619,RbTaO3,ABC3,O3
mp-862832,PaTlO3,ABC3,O3
mp-973269,SbTeO3,ABC3,O3
mp-975200,RbSrO3,ABC3,O3
mp-975207,RbSmO3,ABC3,O3
mp-975236,RbPtO3,ABC3,O3
mp-975255,RbPdO3,ABC3,O3
mp-978490,SiPdO3,ABC3,O3
mp-979272,TePdO3,ABC3,O3
mp-998602,RbOsO3,ABC3,O3
mvc-13971,YSnO3,ABC3,O3
mvc-13995,YTiO3,ABC3,O3
mvc-15474,YSnO3,ABC3,O3
mvc-15989,YWO3,ABC3,O3
mvc-3772,YWO3,ABC3,O3
mvc-3788,TiZnO3,ABC3,O3
mvc-3953,ZnSbO3,ABC3,O3
mp-1068577,ZrPbO3,ABC3,O3
mp-1068742,SrZrO3,ABC3,O3
mp-11775,RbUO3,ABC3,O3
mp-1178612,ZnSiO3,ABC3,O3
mp-1179315,SrTeO3,ABC3,O3
mp-1179320,SrTeO3,ABC3,O3
mp-1183045,ZrTiO3,ABC3,O3
mp-1186471,PrPbO3,ABC3,O3
mp-1186812,PuTiO3,ABC3,O3
mp-1186897,RbRhO3,ABC3,O3
mp-1187192,SrSbO3,ABC3,O3
mp-1187226,SrReO3,ABC3,O3
mp-1187442,ThPdO3,ABC3,O3
mp-1187448,ThWO3,ABC3,O3
mp-1187516,YbSiO3,ABC3,O3
mp-1187518,YbTcO3,ABC3,O3
mp-1187542,YbPuO3,ABC3,O3
mp-1187570,YbPdO3,ABC3,O3
mp-1187623,TlTcO3,ABC3,O3
mp-1192792,SrRuO3,ABC3,O3
mp-1196890,ScRhO3,ABC3,O3
mp-1209329,PrVO3,ABC3,O3
mp-1216763,TiVO3,ABC3,O3
mp-12867,SrSnO3,ABC3,O3
mp-14628,ZnSnO3,ABC3,O3
mp-20337,ZrPbO3,ABC3,O3
mp-20464,SrPrO3,ABC3,O3
mp-3395,SrSeO3,ABC3,O3
mp-3626,SrZrO3,ABC3,O3
mp-4135,RbPO3,ABC3,O3
mp-504543,SnPbO3,ABC3,O3
mp-543039,TePbO3,ABC3,O3
mp-545482,PdSeO3,ABC3,O3
mp-548658,RbPO3,ABC3,O3
mp-557787,TlSbO3,ABC3,O3
mp-559756,PrScO3,ABC3,O3
mp-561385,SrTeO3,ABC3,O3
mp-561547,SrSiO3,ABC3,O3
mp-619034,ZnSiO3,ABC3,O3
mp-641917,ZnSiO3,ABC3,O3
mp-680932,OsPbO3,ABC3,O3
mp-703673,YbVO3,ABC3,O3
mp-754092,ScTiO3,ABC3,O3
mp-754246,TiSnO3,ABC3,O3
mp-754787,SmTlO3,ABC3,O3
mp-755165,YScO3,ABC3,O3
mp-755657,TiVO3,ABC3,O3
mp-756762,TbTmO3,ABC3,O3
mp-766256,YTmO3,ABC3,O3
mp-768396,TmSeO3,ABC3,O3
mp-861873,TaTlO3,ABC3,O3
mp-865322,UTlO3,ABC3,O3
mp-972058,YbTmO3,ABC3,O3
mp-972978,ScVO3,ABC3,O3
mp-974337,RuPbO3,ABC3,O3
mp-974505,ReTeO3,ABC3,O3
mp-975206,RbSbO3,ABC3,O3
mp-975216,RbReO3,ABC3,O3
mp-978493,SiSnO3,ABC3,O3
mp-980537,RbYbO3,ABC3,O3
mvc-13691,YVO3,ABC3,O3
mvc-14736,YWO3,ABC3,O3
mvc-3460,YSbO3,ABC3,O3
mvc-4013,ZnWO3,ABC3,O3
mp-1016836,ZnOsO3,ABC3,O3
mp-1016902,ZnSnO3,ABC3,O3
mp-1016927,TiZnO3,ABC3,O3
mp-1018639,TiSnO3,ABC3,O3
mp-1069346,PrVO3,ABC3,O3
mp-1076534,RbTaO3,ABC3,O3
mp-1079352,SrRuO3,ABC3,O3
mp-1095139,SnPO3,ABC3,O3
mp-1100777,VTeO3,ABC3,O3
mp-1186401,PaSiO3,ABC3,O3
mp-1186403,PaTaO3,ABC3,O3
mp-1186764,SrWO3,ABC3,O3
mp-1187377,TbTeO3,ABC3,O3
mp-1187485,YbWO3,ABC3,O3
mp-1187556,ThReO3,ABC3,O3
mp-1187714,UPdO3,ABC3,O3
mp-1187736,UTiO3,ABC3,O3
mp-1187750,VOsO3,ABC3,O3
mp-1187783,UTcO3,ABC3,O3
mp-1207696,TmScO3,ABC3,O3
mp-1207705,TmRhO3,ABC3,O3
mp-12866,SrSnO3,ABC3,O3
mp-14142,TiZnO3,ABC3,O3
mp-18313,SrSiO3,ABC3,O3
mp-20032,VPbO3,ABC3,O3
mp-20186,PrRuO3,ABC3,O3
mp-20489,SrPbO3,ABC3,O3
mp-2879,SrSnO3,ABC3,O3
mp-30058,TlSbO3,ABC3,O3
mp-3404,RbSO3,ABC3,O3
mp-34212,SrRuO3,ABC3,O3
mp-4387,SrZrO3,ABC3,O3
mp-4525,SrRuO3,ABC3,O3
mp-4651,SrTiO3,ABC3,O3
mp-5338,ZnSeO3,ABC3,O3
mp-542903,ZrPbO3,ABC3,O3
mp-546684,PdSeO3,ABC3,O3
mp-546973,SrSnO3,ABC3,O3
mp-554811,TbVO3,ABC3,O3
mp-556932,TlPO3,ABC3,O3
mp-557203,SrZrO3,ABC3,O3
mp-613402,SrZrO3,ABC3,O3
mp-616587,RbPO3,ABC3,O3
mp-687205,TcPbO3,ABC3,O3
mp-753428,TiVO3,ABC3,O3
mp-754046,PrTlO3,ABC3,O3
mp-756546,ScVO3,ABC3,O3
mp-769007,YScO3,ABC3,O3
mp-776110,SiSnO3,ABC3,O3
mp-973123,ScPdO3,ABC3,O3
mp-974511,ReSbO3,ABC3,O3
mp-975179,RbTlO3,ABC3,O3
mp-975208,RbRuO3,ABC3,O3
mp-979436,YOsO3,ABC3,O3
mp-981250,SmPuO3,ABC3,O3
mp-981367,SrTlO3,ABC3,O3
mvc-11198,YTiO3,ABC3,O3
mvc-13441,ZnSnO3,ABC3,O3
mvc-14645,YWO3,ABC3,O3
mvc-15883,VZnO3,ABC3,O3
mvc-3464,YSnO3,ABC3,O3
mvc-3770,YVO3,ABC3,O3
